,distancia,peso,cod_origem,cod_destino,peso(toneladas),dist√¢ncia(Km)
2249,3817,4.6,RO,BA,4.6,3817
65,3703,0.2,PE,RS,0.2,3703
693,3488,10,SC,CE,10,3488
525,3438,3.8,RN,SC,3.8,3438
526,3438,3.8,RN,SC,3.8,3438
541,3030,5,MA,SP,5,3030
48,3014,0.15,CE,SP,0.15,3014
594,2985,6,SP,RO,6,2985
370,2982,2,SP,PI,2,2982
148,2979,0.52,RO,SP,0.52,2979
2170,2976,100,GO,RN,100,2976
2171,2976,100,GO,RN,100,2976
2172,2976,100,GO,RN,100,2976
2173,2976,100,GO,RN,100,2976
2174,2976,100,GO,RN,100,2976
1061,2971,16,SP,RO,16,2971
52,2949,0.17,MA,SP,0.17,2949
317,2945,1.5,MA,SP,1.5,2945
191,2931,0.8,MA,SP,0.8,2931
1128,2916,19,RN,SP,19,2916
1129,2916,19,RN,SP,19,2916
1130,2916,19,RN,SP,19,2916
1131,2916,19,RN,SP,19,2916
1071,2908,17,CE,SP,17,2908
1072,2908,17,CE,SP,17,2908
1073,2908,17,CE,SP,17,2908
1074,2908,17,CE,SP,17,2908
1075,2908,17,CE,SP,17,2908
1076,2908,17,CE,SP,17,2908
2221,2887,4,CE,SP,4,2887
2222,2887,4,CE,SP,4,2887
2223,2887,4,CE,SP,4,2887
2224,2887,4,CE,SP,4,2887
2207,2865,39,AC,GO,39,2865
100,2862,0.35,PR,PA,0.35,2862
45,2839,0.14,RN,SP,0.14,2839
105,2820,0.39,PA,SP,0.39,2820
106,2820,0.39,PA,SP,0.39,2820
192,2816,0.8,PA,SP,0.8,2816
2240,2803,4.5,SP,PA,4.5,2803
2241,2803,4.5,SP,PA,4.5,2803
149,2802,0.52,PA,SP,0.52,2802
150,2802,0.52,PA,SP,0.52,2802
170,2781,0.62,RO,SP,0.62,2781
132,2773,0.48,PA,SP,0.48,2773
133,2773,0.48,PA,SP,0.48,2773
252,2762,1,RN,SP,1,2762
542,2729,5,PB,SP,5,2729
543,2729,5,PB,SP,5,2729
371,2724,2,BA,SC,2,2724
372,2724,2,BA,SC,2,2724
860,2720,12,PB,SP,12,2720
107,2687,0.39,MA,SP,0.39,2687
108,2687,0.39,MA,SP,0.39,2687
109,2687,0.39,MA,SP,0.39,2687
110,2687,0.39,MA,SP,0.39,2687
694,2651,10,SP,PB,10,2651
695,2651,10,SP,PB,10,2651
990,2634,14,SP,PE,14,2634
991,2634,14,SP,PE,14,2634
129,2627,0.46,PA,SP,0.46,2627
130,2627,0.46,PA,SP,0.46,2627
14,2617,0.07,PE,SP,0.07,2617
15,2617,0.07,PE,SP,0.07,2617
16,2617,0.07,PE,SP,0.07,2617
17,2617,0.07,PE,SP,0.07,2617
1112,2608,18,PE,SP,18,2608
1113,2608,18,PE,SP,18,2608
1114,2608,18,PE,SP,18,2608
1115,2608,18,PE,SP,18,2608
1116,2608,18,PE,SP,18,2608
1117,2608,18,PE,SP,18,2608
1118,2608,18,PE,SP,18,2608
1119,2608,18,PE,SP,18,2608
544,2600,5,PE,SP,5,2600
545,2600,5,PE,SP,5,2600
1046,2592,15,RO,SC,15,2592
1047,2592,15,RO,SC,15,2592
1048,2592,15,RO,SC,15,2592
1049,2592,15,RO,SC,15,2592
1050,2592,15,BA,SP,15,2592
1051,2592,15,BA,SP,15,2592
546,2589,5,SE,PR,5,2589
992,2573,14,PE,SP,14,2573
2175,2569,100,RJ,RN,100,2569
2176,2569,100,RJ,RN,100,2569
2177,2569,100,RJ,RN,100,2569
2178,2569,100,RJ,RN,100,2569
2179,2569,100,RJ,RN,100,2569
915,2558,13,PE,SP,13,2558
547,2527,5,SE,PR,5,2527
2180,2503,100,RJ,RN,100,2503
2181,2503,100,RJ,RN,100,2503
2182,2503,100,RJ,RN,100,2503
2183,2503,100,RJ,RN,100,2503
2184,2503,100,RJ,RN,100,2503
2185,2503,100,RJ,RN,100,2503
2186,2503,100,RJ,RN,100,2503
861,2443,12,MT,PR,12,2443
171,2432,0.64,PA,SP,0.64,2432
459,2432,3,PA,GO,3,2432
460,2432,3,PA,GO,3,2432
2187,2385,100,MG,RN,100,2385
2188,2385,100,MG,RN,100,2385
2189,2385,100,MG,RN,100,2385
2190,2385,100,MG,RN,100,2385
2191,2385,100,MG,RN,100,2385
2,2384,0.054,SP,AL,0.054,2384
3,2384,0.054,SP,AL,0.054,2384
4,2384,0.054,SP,AL,0.054,2384
5,2384,0.054,SP,AL,0.054,2384
66,2383,0.2,AL,SP,0.2,2383
67,2383,0.2,AL,SP,0.2,2383
68,2383,0.2,AL,SP,0.2,2383
440,2348,2.9,PA,SP,2.9,2348
441,2348,2.9,PA,SP,2.9,2348
993,2330,14,RJ,PE,14,2330
994,2330,14,RJ,PE,14,2330
696,2327,10,MA,SP,10,2327
253,2326,1,PA,SP,1,2326
2251,2326,4.8,PA,SP,4.8,2326
995,2323,14,PA,GO,14,2323
996,2317,14,PA,GO,14,2317
7,2312,0.06,MG,CE,0.06,2312
69,2301,0.2,RJ,PE,0.2,2301
2208,2264,39,RO,GO,39,2264
111,2192,0.39,PA,SP,0.39,2192
151,2192,0.535,PA,SP,0.535,2192
152,2192,0.535,PA,SP,0.535,2192
56,2177,0.185,PE,SP,0.185,2177
57,2177,0.185,PE,SP,0.185,2177
58,2177,0.185,PE,SP,0.185,2177
88,2166,0.3,PR,BA,0.3,2166
1065,2121,16.2,TO,SP,16.2,2121
208,2083,0.82,PA,SP,0.82,2083
112,2075,0.39,BA,SP,0.39,2075
862,2066,12,MA,MT,12,2066
863,2066,12,MA,MT,12,2066
697,1956,10,BA,SP,10,1956
737,1955,11,BA,SP,11,1955
738,1955,11,BA,SP,11,1955
739,1955,11,BA,SP,11,1955
740,1955,11,BA,SP,11,1955
70,1936,0.2,BA,SP,0.2,1936
78,1936,0.25,SP,MT,0.25,1936
373,1936,2,BA,SP,2,1936
374,1936,2,BA,SP,2,1936
375,1936,2,BA,SP,2,1936
376,1936,2,BA,SP,2,1936
377,1936,2,BA,SP,2,1936
461,1936,3,BA,SP,3,1936
558,1934,5.5,BA,SP,5.5,1934
559,1934,5.5,BA,SP,5.5,1934
18,1933,0.07,MT,SP,0.07,1933
346,1926,1.6,BA,SP,1.6,1926
155,1924,0.56,BA,SP,0.56,1924
156,1924,0.56,BA,SP,0.56,1924
157,1924,0.56,BA,SP,0.56,1924
158,1924,0.56,BA,SP,0.56,1924
2242,1924,4.5,MT,SP,4.5,1924
2243,1924,4.5,MT,SP,4.5,1924
2244,1924,4.5,MT,SP,4.5,1924
2245,1924,4.5,MT,SP,4.5,1924
2246,1924,4.5,MT,SP,4.5,1924
2247,1924,4.5,MT,SP,4.5,1924
178,1915,0.7,BA,SP,0.7,1915
179,1915,0.7,BA,SP,0.7,1915
180,1915,0.7,BA,SP,0.7,1915
318,1872,1.5,BA,SP,1.5,1872
595,1829,6,MS,RJ,6,1829
596,1829,6,MS,RJ,6,1829
2225,1815,4,SP,BA,4,1815
89,1801,0.3,AL,MG,0.3,1801
90,1801,0.3,AL,MG,0.3,1801
91,1801,0.3,AL,MG,0.3,1801
92,1801,0.3,AL,MG,0.3,1801
93,1801,0.3,AL,MG,0.3,1801
1052,1799,15,BA,SP,15,1799
378,1786,2.3,MT,PR,2.3,1786
379,1786,2.3,MT,PR,2.3,1786
1132,1760,19,PE,SP,19,1760
741,1759,11,MT,SP,11,1759
131,1737,0.46,TO,SP,0.46,1737
1062,1724,16,TO,SP,16,1724
269,1675,1.4,TO,SP,1.4,1675
270,1675,1.4,TO,SP,1.4,1675
271,1675,1.4,TO,SP,1.4,1675
272,1675,1.4,TO,SP,1.4,1675
609,1663,6.5,BA,SP,6.5,1663
610,1663,6.5,BA,SP,6.5,1663
611,1663,6.5,BA,SP,6.5,1663
612,1663,6.5,BA,SP,6.5,1663
597,1658,6,GO,SC,6,1658
997,1591,14,MA,PE,14,1591
2192,1541,100,MA,RN,100,1541
2193,1541,100,MA,RN,100,1541
2194,1541,100,MA,RN,100,1541
864,1533,12,MT,SP,12,1533
166,1522,0.6,BA,SP,0.6,1522
167,1522,0.6,BA,SP,0.6,1522
523,1491,3.6,PR,ES,3.6,1491
931,1485,13.9,SC,SP,13.9,1485
147,1460,0.51,RS,SP,0.51,1460
865,1460,12,MS,RJ,12,1460
650,1445,7.6,MT,SP,7.6,1445
866,1434,12,BA,SP,12,1434
867,1434,12,BA,SP,12,1434
884,1396,12.3,PR,SP,12.3,1396
885,1396,12.3,PR,SP,12.3,1396
886,1396,12.3,PR,SP,12.3,1396
193,1395,0.8,PA,DF,0.8,1395
194,1395,0.8,PA,DF,0.8,1395
195,1395,0.8,PA,DF,0.8,1395
196,1395,0.8,PA,DF,0.8,1395
197,1395,0.8,PA,DF,0.8,1395
259,1395,1.2,RJ,BA,1.2,1395
1053,1379,15,ES,PR,15,1379
55,1368,0.18,RS,SP,0.18,1368
467,1367,3.3,SE,ES,3.3,1367
1063,1363,16,GO,ES,16,1363
2248,1354,4.5,BA,SP,4.5,1354
19,1318,0.071,MT,SP,0.071,1318
20,1318,0.071,MT,SP,0.071,1318
698,1292,10,RS,SP,10,1292
560,1287,5.5,RS,SP,5.5,1287
1064,1261,16,ES,PR,16,1261
1054,1253,15,ES,PR,15,1253
319,1249,1.5,BA,SP,1.5,1249
1055,1242,15,MA,TO,15,1242
868,1218,12,BA,MG,12,1218
2250,1213,4.6,ES,SP,4.6,1213
320,1211,1.5,MS,SC,1.5,1211
699,1171,10,RS,MG,10,1171
700,1171,10,RS,MG,10,1171
701,1171,10,RS,MG,10,1171
702,1171,10,RS,MG,10,1171
703,1171,10,RS,MG,10,1171
704,1171,10,RS,MG,10,1171
705,1171,10,RS,MG,10,1171
706,1171,10,RS,MG,10,1171
2226,1171,4,DF,SP,4,1171
2196,1170,100,MS,MT,100,1170
102,1161,0.375,SP,MG,0.375,1161
103,1161,0.375,SP,MG,0.375,1161
123,1160,0.42,MS,SP,0.42,1160
124,1160,0.42,MS,SP,0.42,1160
125,1160,0.42,MS,SP,0.42,1160
126,1160,0.42,MS,SP,0.42,1160
869,1159,12,GO,PR,12,1159
198,1154,0.8,SP,RS,0.8,1154
199,1154,0.8,SP,RS,0.8,1154
101,1153,0.35,SP,RS,0.35,1153
598,1149,6,SC,MG,6,1149
634,1148,7,DF,RJ,7,1148
635,1148,7,DF,RJ,7,1148
707,1145,10,RS,SP,10,1145
1133,1145,19,RS,SP,19,1145
599,1135,6,BA,ES,6,1135
932,1135,13.9,RS,SP,13.9,1135
2200,1133,24.3,RS,SP,24.3,1133
2201,1133,24.3,RS,SP,24.3,1133
916,1127,13,GO,PR,13,1127
917,1127,13,GO,PR,13,1127
42,1123,0.13,RS,SP,0.13,1123
43,1123,0.13,RS,SP,0.13,1123
44,1123,0.13,RS,SP,0.13,1123
94,1114,0.3,SP,RS,0.3,1114
95,1114,0.3,SP,RS,0.3,1114
96,1114,0.3,SP,RS,0.3,1114
708,1106,10,GO,SP,10,1106
1012,1103,14.8,SC,SP,14.8,1103
709,1098,10,ES,SP,10,1098
710,1098,10,ES,SP,10,1098
711,1098,10,ES,SP,10,1098
712,1098,10,ES,SP,10,1098
870,1095,12,ES,SP,12,1095
998,1095,14,BA,PE,14,1095
1120,1074,18,ES,SP,18,1074
713,1073,10,DF,SP,10,1073
714,1073,10,DF,SP,10,1073
871,1071,12,RS,PR,12,1071
600,1070,6,MG,ES,6,1070
2227,1068,4,SP,RS,4,1068
601,1066,6,RS,SP,6,1066
49,1065,0.15,PR,SP,0.15,1065
548,1051,5,SP,RS,5,1051
549,1051,5,SP,RS,5,1051
550,1051,5,SP,RS,5,1051
1006,1047,14.2,PR,SP,14.2,1047
321,1044,1.5,GO,SP,1.5,1044
322,1044,1.5,GO,SP,1.5,1044
323,1044,1.5,GO,SP,1.5,1044
324,1044,1.5,GO,SP,1.5,1044
432,1042,2.7,GO,SP,2.7,1042
887,1041,12.3,SC,SP,12.3,1041
872,1037,12,MG,PR,12,1037
918,1035,13,MG,SP,13,1035
561,1022,5.5,PR,SP,5.5,1022
266,1016,1.3,MG,SP,1.3,1016
267,1016,1.3,MG,SP,1.3,1016
268,1016,1.3,MG,SP,1.3,1016
1077,1014,17,DF,SP,17,1014
1078,1014,17,DF,SP,17,1014
1079,1014,17,DF,SP,17,1014
72,1011,0.22,RS,SP,0.22,1011
999,1011,14,DF,SP,14,1011
1000,1011,14,DF,SP,14,1011
50,1010,0.16,MG,SP,0.16,1010
122,1010,0.4,SP,DF,0.4,1010
8,1009,0.064,DF,SP,0.064,1009
1121,1009,18,DF,SP,18,1009
1122,1009,18,DF,SP,18,1009
1123,1009,18,PE,BA,18,1009
38,1002,0.1,DF,SP,0.1,1002
715,1002,10,DF,SP,10,1002
1001,998,14.1,SC,SP,14.1,998
1678,998,30,RJ,PR,30,998
2228,996,4.3,MS,SP,4.3,996
2229,996,4.3,MS,SP,4.3,996
2230,996,4.3,MS,SP,4.3,996
1135,979,20,MS,SP,20,979
1679,977,30,RJ,PR,30,977
1136,976,20,SP,MG,20,976
619,974,7,ES,SP,7,974
1627,970,27,MG,PR,27,970
1628,970,27,MG,PR,27,970
1137,969,20,SC,RJ,20,969
1138,968,20,PR,SP,20,968
442,966,3,RS,SP,3,966
1139,966,20,DF,SP,20,966
933,962,14,MG,PR,14,962
934,961,14,RS,PR,14,961
935,959,14,RS,PR,14,959
1434,954,25,ES,SP,25,954
1435,954,25,ES,SP,25,954
1436,954,25,ES,SP,25,954
1872,954,31,ES,SP,31,954
754,953,12,GO,PR,12,953
926,953,13.4,SC,SP,13.4,953
219,950,1,SP,RS,1,950
185,948,0.8,MG,SP,0.8,948
186,948,0.8,MG,SP,0.8,948
187,948,0.8,MG,SP,0.8,948
188,948,0.8,MG,SP,0.8,948
1964,948,37,MS,SP,37,948
922,944,13.2,PR,SP,13.2,944
1680,943,30,RJ,PR,30,943
260,940,1.3,DF,SP,1.3,940
755,934,12,PR,SP,12,934
756,934,12,PR,SP,12,934
1140,928,20,MS,SP,20,928
936,927,14,SC,SP,14,927
174,926,0.7,GO,SP,0.7,926
175,926,0.7,GO,SP,0.7,926
562,926,5.9,GO,SP,5.9,926
273,925,1.5,SP,GO,1.5,925
274,925,1.5,SP,GO,1.5,925
528,921,5,MS,SP,5,921
620,919,7,SC,SP,7,919
757,916,12,BA,CE,12,916
1141,915,20,DF,SP,20,915
655,906,10,SP,GO,10,906
1013,906,15,ES,SP,15,906
1014,906,15,ES,SP,15,906
1681,906,30,MG,PR,30,906
758,905,12,GO,SP,12,905
40,904,0.123,GO,SP,0.123,904
360,903,2,SP,MG,2,903
1015,901,15,MG,PR,15,901
1142,899,20,ES,SP,20,899
1143,899,20,ES,SP,20,899
759,896,12,SC,SP,12,896
760,896,12,SC,SP,12,896
1144,896,20,PR,SP,20,896
1145,896,20,PR,SP,20,896
621,895,7,GO,SP,7,895
656,895,10,GO,MS,10,895
1146,895,20,DF,SP,20,895
381,892,2.5,ES,SP,2.5,892
1147,892,20,ES,SP,20,892
1878,892,32,DF,SP,32,892
1879,892,32,DF,SP,32,892
1880,892,32,DF,SP,32,892
1682,891,30,DF,SP,30,891
1683,891,30,DF,SP,30,891
1684,891,30,DF,SP,30,891
220,890,1,BA,DF,1,890
221,890,1,BA,DF,1,890
222,890,1,BA,DF,1,890
223,890,1,BA,DF,1,890
761,890,12,RS,SP,12,890
1685,890,30,DF,SP,30,890
1686,890,30,DF,SP,30,890
1687,890,30,DF,SP,30,890
1688,890,30,DF,SP,30,890
1689,890,30,DF,SP,30,890
1016,888,15,MA,CE,15,888
923,886,13.3,SC,SP,13.3,886
325,885,1.6,SP,SC,1.6,885
1690,883,30,RJ,PR,30,883
1148,881,20,MG,RJ,20,881
1149,880,20,MS,SP,20,880
1150,873,20,SP,SP,20,873
563,870,6,ES,SP,6,870
84,859,0.3,SP,GO,0.3,859
2209,855,4,SP,SC,4,855
1691,853,30,RJ,PR,30,853
1692,853,30,RJ,PR,30,853
1151,852,20,MS,MG,20,852
1152,851,20,GO,SP,20,851
2010,848,50,MT,GO,50,848
2011,848,50,MT,GO,50,848
2012,848,50,MT,GO,50,848
937,843,14,PR,SP,14,843
1329,839,22,SP,ES,22,839
99,837,0.335,MG,SP,0.335,837
1693,835,30,RJ,PR,30,835
883,834,12.2,SC,SP,12.2,834
1153,832,20,RJ,PR,20,832
1694,832,30,RJ,SP,30,832
1695,832,30,RJ,SP,30,832
1696,832,30,RJ,SP,30,832
1697,832,30,RJ,SP,30,832
1067,831,16.6,MG,SP,16.6,831
1057,828,16,RJ,PR,16,828
1154,821,20,GO,MG,20,821
2128,820,100,SE,RN,100,820
2129,820,100,SE,RN,100,820
2130,820,100,SE,RN,100,820
2131,820,100,SE,RN,100,820
2132,820,100,SE,RN,100,820
2133,820,100,SE,RN,100,820
1698,819,30,RJ,PR,30,819
1699,810,30,RJ,PR,30,810
1155,808,20,SP,ES,20,808
1308,808,21,CE,PE,21,808
1700,806,30,RJ,PR,30,806
1156,804,20,PE,CE,20,804
1701,799,30,RJ,PR,30,799
762,793,12,SP,PR,12,793
763,793,12,SP,PR,12,793
764,793,12,SP,PR,12,793
254,791,1.2,MG,MG,1.2,791
873,791,12.1,SC,SP,12.1,791
874,791,12.1,SC,SP,12.1,791
875,791,12.1,SC,SP,12.1,791
876,791,12.1,SC,SP,12.1,791
1157,791,20,GO,SP,20,791
529,788,5,PE,BA,5,788
1702,786,30,PR,SP,30,786
1703,786,30,PR,SP,30,786
1915,786,32.1,PR,SP,32.1,786
1920,786,32.5,PR,SP,32.5,786
1158,783,20,CE,PE,20,783
564,782,6,MG,SP,6,782
1437,782,25,SP,SC,25,782
2210,782,4,SP,SC,4,782
1159,781,20,MG,SP,20,781
765,779,12,SC,SP,12,779
766,779,12,SC,SP,12,779
728,773,10.5,MS,SP,10.5,773
729,773,10.5,MS,SP,10.5,773
1160,773,20,GO,SP,20,773
767,772,12,SC,SP,12,772
1397,769,23.7,BA,PE,23.7,769
938,767,14,MS,MG,14,767
768,764,12,MG,SP,12,764
769,764,12,MG,SP,12,764
1355,764,23,MG,SP,23,764
1017,759,15,ES,SP,15,759
939,758,14,SP,PR,14,758
940,758,14,SP,PR,14,758
941,758,14,SP,PR,14,758
942,758,14,SP,PR,14,758
224,757,1,BA,PE,1,757
1088,757,18,SC,SP,18,757
622,751,7,MS,PR,7,751
1881,749,32,SP,ES,32,749
1882,749,32,SP,ES,32,749
1883,749,32,SP,ES,32,749
1884,749,32,SP,ES,32,749
770,745,12,PE,BA,12,745
1007,745,14.5,RS,PR,14.5,745
1008,745,14.5,RS,PR,14.5,745
1009,745,14.5,RS,PR,14.5,745
1010,745,14.5,RS,PR,14.5,745
1629,745,27,SP,SC,27,745
1630,745,27,SP,SC,27,745
1631,745,27,SP,SC,27,745
1632,745,27,SP,SC,27,745
1633,745,27,SP,SC,27,745
1634,745,27,SP,SC,27,745
1635,745,27,SP,SC,27,745
1636,745,27,SP,SC,27,745
1637,745,27,SP,SC,27,745
1638,745,27,SP,SC,27,745
1639,745,27,SP,SC,27,745
1640,745,27,SP,SC,27,745
1641,745,27,SP,SC,27,745
1873,745,31,RS,PR,31,745
1874,745,31,RS,PR,31,745
1875,745,31,RS,PR,31,745
1876,745,31,RS,PR,31,745
530,740,5,MG,SP,5,740
25,738,0.1,MG,GO,0.1,738
26,738,0.1,MG,GO,0.1,738
27,738,0.1,MG,GO,0.1,738
1704,738,30,SP,PR,30,738
771,732,12,MS,PR,12,732
772,732,12,MS,PR,12,732
773,732,12,MS,PR,12,732
774,732,12,MS,PR,12,732
46,731,0.15,RJ,SP,0.15,731
47,731,0.15,RJ,SP,0.15,731
1161,731,20,RJ,SP,20,731
1018,729,15,RJ,SP,15,729
21,727,0.085,MG,SP,0.085,727
1438,727,25,PR,MG,25,727
1439,727,25,PR,MG,25,727
1705,727,30,RS,PR,30,727
209,725,0.898,MG,SP,0.898,725
210,725,0.898,MG,SP,0.898,725
211,725,0.898,MG,SP,0.898,725
212,725,0.898,MG,SP,0.898,725
1940,718,35,PR,SP,35,718
1440,715,25,SP,RJ,25,715
1441,715,25,SP,RJ,25,715
1442,715,25,SP,RJ,25,715
1443,715,25,SP,RJ,25,715
1673,715,29,SP,RJ,29,715
1706,715,30,SP,RJ,30,715
1707,715,30,SP,RJ,30,715
1708,715,30,SP,RJ,30,715
1709,715,30,SP,RJ,30,715
472,711,3.5,GO,SP,3.5,711
1162,711,20,GO,SP,20,711
1444,711,25,BA,BA,25,711
1445,711,25,BA,BA,25,711
1446,711,25,BA,BA,25,711
1447,711,25,BA,BA,25,711
1448,711,25,BA,BA,25,711
97,710,0.31,ES,SP,0.31,710
2013,710,50,CE,PE,50,710
775,709,12,PR,SP,12,709
1885,709,32,CE,PE,32,709
1921,708,33,MG,MG,33,708
1922,708,33,MG,MG,33,708
1134,706,19.5,RJ,SP,19.5,706
1710,705,30,MG,PR,30,705
943,701,14,RS,PR,14,701
944,701,14,RS,PR,14,701
945,701,14,RS,PR,14,701
946,701,14,RS,PR,14,701
1711,697,30,RS,PR,30,697
1399,692,24,PR,SP,24,692
1400,692,24,PR,SP,24,692
1401,692,24,PR,SP,24,692
1402,692,24,PR,SP,24,692
28,691,0.1,SP,SC,0.1,691
29,691,0.1,SP,SC,0.1,691
30,691,0.1,SP,SC,0.1,691
31,691,0.1,SP,SC,0.1,691
32,691,0.1,SP,SC,0.1,691
153,691,0.55,SC,SP,0.55,691
1089,691,18,RJ,SP,18,691
1090,691,18,RJ,SP,18,691
776,689,12,SP,RJ,12,689
777,689,12,PR,SP,12,689
1126,688,19,SC,SP,19,688
59,687,0.2,SC,SP,0.2,687
1163,682,20,PI,BA,20,682
1019,681,15,SP,MG,15,681
778,680,12,PR,SP,12,680
779,680,12,PR,SP,12,680
780,680,12,PR,SP,12,680
1642,680,27,SP,PR,27,680
1643,680,27,SP,PR,27,680
1644,680,27,SP,PR,27,680
1645,680,27,SP,PR,27,680
1712,679,30,RS,PR,30,679
1449,677,25,PR,MG,25,677
1713,677,30,SP,PR,30,677
2197,676,24,GO,MG,24,676
1941,675,35,RS,PR,35,675
1356,674,23,SC,SP,23,674
1164,672,20,PR,PR,20,672
73,670,0.25,SP,MG,0.25,670
74,670,0.25,SP,MG,0.25,670
1942,668,35,PR,SP,35,668
1165,666,20,SP,GO,20,666
781,663,12,PR,SP,12,663
2231,661,4.5,MG,SP,4.5,661
2232,661,4.5,MG,SP,4.5,661
2233,661,4.5,MG,SP,4.5,661
2234,661,4.5,MG,SP,4.5,661
2235,661,4.5,MG,SP,4.5,661
782,660,12,SP,MG,12,660
1011,660,14.5,RS,PR,14.5,660
2203,658,24.8,SP,SP,24.8,658
783,655,12,MG,SP,12,655
1714,655,30,SP,PR,30,655
784,653,12,ES,MG,12,653
1715,646,30,SP,PR,30,646
785,645,12,SP,MG,12,645
1330,643,22,SP,PR,22,643
1166,641,20,PR,SP,20,641
2198,638,24,MS,MG,24,638
1167,636,20,SC,SP,20,636
1168,636,20,PR,PR,20,636
172,634,0.648,MG,SP,0.648,634
786,634,12,MG,SP,12,634
1020,631,15,SP,SC,15,631
1021,631,15,SP,SC,15,631
1169,631,20,PR,SC,20,631
1170,630,20,PR,PR,20,630
1171,629,20,SP,SC,20,629
1058,628,16,SP,MG,16,628
1923,627,33,PR,MG,33,627
1924,627,33,PR,MG,33,627
787,625,12,SC,SP,12,625
1172,625,20,PR,PR,20,625
1450,624,25,SP,PR,25,624
788,621,12,MG,SP,12,621
1173,620,20,SP,MG,20,620
225,618,1,MG,SP,1,618
226,618,1,MG,SP,1,618
1174,618,20,RS,PR,20,618
104,614,0.39,SP,SC,0.39,614
1175,614,20,MG,SP,20,614
60,613,0.2,SP,SC,0.2,613
1176,613,20,PR,PR,20,613
1177,611,20,PR,PR,20,611
468,609,3.4,SP,SP,3.4,609
469,609,3.4,SP,SP,3.4,609
470,609,3.4,SP,SP,3.4,609
471,609,3.4,SP,SP,3.4,609
1716,609,30,MG,PR,30,609
1646,604,27,DF,GO,27,604
173,601,0.66,PR,SP,0.66,601
947,601,14,SP,PR,14,601
948,601,14,SP,PR,14,601
949,601,14,SP,PR,14,601
950,601,14,SP,PR,14,601
2211,601,4,MG,SP,4,601
623,599,7,RS,PR,7,599
624,599,7,RS,PR,7,599
625,599,7,RS,PR,7,599
1178,599,20,SC,SP,20,599
114,598,0.4,MG,SP,0.4,598
657,598,10,SP,SC,10,598
1179,598,20,SP,MS,20,598
1180,598,20,SP,SC,20,598
275,596,1.5,RS,SC,1.5,596
276,596,1.5,RS,SC,1.5,596
636,596,7.5,MG,SP,7.5,596
637,596,7.5,MG,SP,7.5,596
638,596,7.5,MG,SP,7.5,596
648,596,7.6,MG,SP,7.6,596
658,595,10,PR,SP,10,595
659,595,10,PR,SP,10,595
660,595,10,PR,SP,10,595
661,595,10,PR,SP,10,595
1662,595,28,RJ,MG,28,595
1676,595,29.6,SP,SP,29.6,595
380,594,2.4,MG,SP,2.4,594
1181,593,20,PR,PR,20,593
134,592,0.5,MG,SP,0.5,592
135,592,0.5,MG,SP,0.5,592
136,592,0.5,MG,SP,0.5,592
227,592,1,SP,SC,1,592
361,592,2,MG,MG,2,592
1059,592,16,MG,SP,16,592
6,590,0.06,MG,SP,0.06,590
1451,590,25,SP,MG,25,590
1452,590,25,SP,MG,25,590
1453,590,25,SP,MG,25,590
1182,588,20,MG,SP,20,588
1717,587,30,ES,RJ,30,587
1943,587,35,SP,PR,35,587
789,586,12,MG,MG,12,586
790,586,12,MG,MG,12,586
791,586,12,MG,MG,12,586
792,586,12,MG,MG,12,586
793,586,12,MG,MG,12,586
794,586,12,MG,MG,12,586
795,586,12,MG,MG,12,586
137,584,0.5,MG,SP,0.5,584
1183,584,20,PR,PR,20,584
1124,582,18.7,PI,CE,18.7,582
1184,582,20,RJ,MG,20,582
277,581,1.5,MG,SP,1.5,581
278,581,1.5,MG,SP,1.5,581
279,581,1.5,MG,SP,1.5,581
9,580,0.07,MG,SP,0.07,580
10,580,0.07,MG,SP,0.07,580
11,580,0.07,MG,SP,0.07,580
168,580,0.62,MG,SP,0.62,580
169,580,0.62,MG,SP,0.62,580
616,580,6.9,MG,MG,6.9,580
617,580,6.9,MG,MG,6.9,580
1454,580,25,MG,SP,25,580
1455,580,25,MG,SP,25,580
1185,579,20,SP,MS,20,579
1186,579,20,PR,SP,20,579
1718,579,30,SP,PR,30,579
796,577,12,SP,PR,12,577
1022,577,15,PR,SP,15,577
1023,577,15,PR,SP,15,577
1024,577,15,PR,SP,15,577
1025,577,15,PR,SP,15,577
797,576,12,PA,PA,12,576
1456,576,25,PA,PA,25,576
951,575,14,SP,SC,14,575
1091,573,18,RJ,MG,18,573
1127,573,19,RJ,MG,19,573
98,572,0.32,MG,SP,0.32,572
382,572,2.5,MG,SP,2.5,572
383,572,2.5,MG,SP,2.5,572
602,572,6.5,MG,MG,6.5,572
603,572,6.5,MG,MG,6.5,572
604,572,6.5,MG,MG,6.5,572
605,572,6.5,MG,MG,6.5,572
606,572,6.5,MG,MG,6.5,572
618,572,6.9,MG,MG,6.9,572
626,572,7,MG,MG,7,572
627,572,7,MG,MG,7,572
628,572,7,MG,MG,7,572
2212,572,4,MG,MG,4,572
2213,572,4,MG,MG,4,572
798,571,12,SP,MG,12,571
662,570,10,PR,SP,10,570
799,568,12,SP,MG,12,568
1092,568,18,MG,SP,18,568
1093,568,18,MG,SP,18,568
1094,568,18,MG,SP,18,568
1095,568,18,MG,SP,18,568
1187,567,20,RJ,MG,20,567
159,562,0.6,MG,SP,0.6,562
160,562,0.6,MG,SP,0.6,562
255,562,1.2,SP,MG,1.2,562
1916,562,32.1,MS,SP,32.1,562
1917,562,32.1,MS,SP,32.1,562
1918,562,32.1,MS,SP,32.1,562
1919,562,32.1,MS,SP,32.1,562
362,561,2,SP,MG,2,561
1608,560,26,PR,SP,26,560
1886,560,32,PR,SP,32,560
200,554,0.805,RJ,SP,0.805,554
201,554,0.805,RJ,SP,0.805,554
202,554,0.805,RJ,SP,0.805,554
203,554,0.805,RJ,SP,0.805,554
204,554,0.805,RJ,SP,0.805,554
205,554,0.805,RJ,SP,0.805,554
206,554,0.805,RJ,SP,0.805,554
207,554,0.805,RJ,SP,0.805,554
280,554,1.5,SP,MG,1.5,554
565,554,6,MG,SP,6,554
613,553,6.7,MG,MG,6.7,553
1357,553,23,SP,SP,23,553
1719,552,30,SP,PR,30,552
1457,551,25,MG,SP,25,551
800,549,12,MS,MS,12,549
161,545,0.6,MG,SP,0.6,545
228,544,1,PR,SP,1,544
443,544,3,RJ,SP,3,544
663,544,10,RJ,SP,10,544
664,544,10,RJ,SP,10,544
746,544,11.6,SP,SP,11.6,544
1433,542,24.9,PR,SP,24.9,542
1188,541,20,PR,SP,20,541
1458,541,25,RJ,SP,25,541
229,540,1,SP,PR,1,540
952,540,14,PR,SP,14,540
953,540,14,PR,SP,14,540
954,540,14,PR,SP,14,540
955,540,14,PR,SP,14,540
1189,539,20,MG,SP,20,539
1720,538,30,SP,PR,30,538
1190,535,20,PR,PR,20,535
384,533,2.5,MG,SP,2.5,533
385,533,2.5,MG,SP,2.5,533
801,533,12,SC,SC,12,533
802,532,12,RS,SC,12,532
1191,532,20,SP,PR,20,532
33,531,0.1,SP,PR,0.1,531
430,531,2.7,SP,SC,2.7,531
431,531,2.7,SP,SC,2.7,531
1887,531,32,SP,SP,32,531
1888,531,32,SP,SP,32,531
1889,531,32,SP,SP,32,531
71,530,0.21,SP,SP,0.21,530
1392,530,23.5,MG,SP,23.5,530
1393,530,23.5,MG,SP,23.5,530
1394,530,23.5,MG,SP,23.5,530
1395,530,23.5,MG,SP,23.5,530
1459,526,25,RJ,MG,25,526
1460,526,25,RJ,MG,25,526
1461,526,25,RJ,MG,25,526
1462,526,25,RJ,MG,25,526
1463,526,25,RJ,MG,25,526
1464,526,25,RJ,MG,25,526
1465,526,25,RJ,MG,25,526
1466,526,25,RJ,MG,25,526
1467,526,25,RJ,MG,25,526
1468,526,25,RJ,MG,25,526
1469,526,25,RJ,MG,25,526
1470,526,25,RJ,MG,25,526
1471,526,25,RJ,MG,25,526
1472,526,25,RJ,MG,25,526
1473,526,25,RJ,MG,25,526
1721,526,30,RJ,MG,30,526
1722,526,30,RJ,MG,30,526
1723,526,30,RJ,MG,30,526
1724,526,30,RJ,MG,30,526
1725,526,30,RJ,MG,30,526
1726,526,30,RJ,MG,30,526
1727,526,30,RJ,MG,30,526
1728,526,30,RJ,MG,30,526
1729,526,30,RJ,MG,30,526
1730,526,30,RJ,MG,30,526
1731,526,30,RJ,MG,30,526
1732,526,30,RJ,MG,30,526
1733,526,30,RJ,MG,30,526
1734,526,30,RJ,MG,30,526
1735,526,30,RJ,MG,30,526
898,524,13,PR,SP,13,524
899,524,13,PR,SP,13,524
1736,524,30,SP,MS,30,524
803,523,12,SP,PR,12,523
804,523,12,SP,PR,12,523
805,523,12,SP,PR,12,523
956,522,14,RJ,SP,14,522
957,522,14,RJ,SP,14,522
1474,522,25,RJ,SP,25,522
1475,522,25,RJ,SP,25,522
1096,521,18,MG,RJ,18,521
1192,520,20,PR,PR,20,520
1890,520,32,SP,MG,32,520
1891,520,32,SP,MG,32,520
1892,520,32,SP,MG,32,520
181,519,0.75,PR,RS,0.75,519
182,519,0.75,PR,RS,0.75,519
183,519,0.75,PR,RS,0.75,519
184,519,0.75,PR,RS,0.75,519
629,519,7,RS,PR,7,519
958,519,14,SP,SP,14,519
959,519,14,SP,SP,14,519
960,519,14,SP,SP,14,519
1193,519,20,SC,SP,20,519
1737,519,30,SP,PR,30,519
806,518,12,PR,SP,12,518
961,517,14,ES,MG,14,517
962,517,14,ES,MG,14,517
963,517,14,ES,MG,14,517
964,517,14,ES,MG,14,517
1194,517,20,MG,SP,20,517
1476,517,25,ES,MG,25,517
1477,517,25,ES,MG,25,517
1478,517,25,ES,MG,25,517
1195,512,20,SP,PR,20,512
807,511,12,ES,MG,12,511
1196,509,20,PR,PR,20,509
1197,509,20,PR,PR,20,509
1198,509,20,PR,PR,20,509
75,508,0.25,RJ,SP,0.25,508
76,508,0.25,RJ,SP,0.25,508
77,508,0.25,RJ,SP,0.25,508
1199,507,20,PR,PR,20,507
12,506,0.07,RJ,SP,0.07,506
1026,505,15,PR,MG,15,505
1479,505,25,SP,PR,25,505
1480,505,25,SP,PR,25,505
1481,505,25,SP,PR,25,505
1482,505,25,SP,PR,25,505
1609,505,26,PR,MG,26,505
2214,505,4,PR,MG,4,505
2215,505,4,PR,MG,4,505
2216,505,4,PR,MG,4,505
665,504,10,PR,PR,10,504
1358,502,23,SP,RJ,23,502
1610,502,26,MG,PR,26,502
1944,502,35,PR,PR,35,502
115,500,0.4,MG,MG,0.4,500
1331,499,22,RJ,SP,22,499
1483,498,25,PR,SP,25,498
1484,498,25,PR,SP,25,498
1485,498,25,PR,SP,25,498
1486,498,25,PR,SP,25,498
1487,498,25,PR,SP,25,498
531,495,5,MG,SP,5,495
532,495,5,MG,SP,5,495
533,495,5,MG,SP,5,495
534,495,5,MG,SP,5,495
808,495,12,MG,SP,12,495
1396,495,23.5,RJ,SP,23.5,495
1647,494,27,PR,SP,27,494
1945,493,35,SP,PR,35,493
1200,492,20,MG,SP,20,492
1201,492,20,RJ,SP,20,492
1027,491,15,SP,SC,15,491
1738,490,30,SP,PR,30,490
1097,489,18,RJ,SP,18,489
1098,489,18,RJ,SP,18,489
1099,489,18,RJ,SP,18,489
1202,488,20,PR,PR,20,488
1739,488,30,SP,PR,30,488
566,480,6,SP,SP,6,480
1100,477,18,MG,MG,18,477
1101,477,18,MG,MG,18,477
1102,477,18,MG,MG,18,477
809,476,12,MG,SP,12,476
810,476,12,RJ,SP,12,476
811,476,12,RJ,SP,12,476
812,476,12,RJ,SP,12,476
1203,476,20,RJ,SP,20,476
1626,474,26.5,MG,SP,26.5,474
813,472,12,PR,SP,12,472
138,470,0.5,MG,SP,0.5,470
731,470,10.6,RJ,SP,10.6,470
1488,469,25,SP,SP,25,469
1893,469,32,SP,SP,32,469
639,466,7.5,SP,SP,7.5,466
640,466,7.5,SP,SP,7.5,466
641,466,7.5,SP,SP,7.5,466
642,466,7.5,SP,SP,7.5,466
888,465,12.4,SP,SP,12.4,465
567,464,6,PR,SP,6,464
1028,464,15,RJ,SP,15,464
61,461,0.2,SP,PR,0.2,461
2014,461,50,PR,SP,50,461
927,460,13.6,SP,SP,13.6,460
928,460,13.6,SP,SP,13.6,460
929,460,13.6,SP,SP,13.6,460
1740,460,30,SP,PR,30,460
733,458,10.7,PR,SP,10.7,458
1029,458,15,RJ,SP,15,458
1204,458,20,PR,SP,20,458
1946,458,35,MG,MG,35,458
1205,457,20,SP,SP,20,457
1206,457,20,RJ,SP,20,457
1207,457,20,RJ,SP,20,457
261,456,1.3,PR,SP,1.3,456
262,456,1.3,PR,SP,1.3,456
1489,455,25,SP,RJ,25,455
363,452,2,RJ,SP,2,452
1947,452,35,PR,SP,35,452
1068,451,16.9,RJ,SP,16.9,451
1069,451,16.9,RJ,SP,16.9,451
2202,451,24.3,SP,RJ,24.3,451
535,450,5,SP,RJ,5,450
79,449,0.27,MG,SP,0.27,449
536,449,5,RJ,SP,5,449
1332,448,22,SP,PR,22,448
1333,448,22,SP,PR,22,448
1403,448,24,SP,RJ,24,448
1208,447,20,SP,SP,20,447
1209,447,20,SP,GO,20,447
1334,446,22,SP,PR,22,446
1070,444,16.9,RJ,SP,16.9,444
651,443,7.9,SP,SP,7.9,443
652,443,7.9,SP,SP,7.9,443
653,443,7.9,SP,SP,7.9,443
654,443,7.9,SP,SP,7.9,443
965,443,14,RJ,MG,14,443
966,443,14,RJ,MG,14,443
967,443,14,RJ,MG,14,443
968,443,14,RJ,MG,14,443
666,442,10,RJ,SP,10,442
667,442,10,RJ,SP,10,442
668,442,10,RJ,SP,10,442
669,442,10,RJ,SP,10,442
814,441,12,SP,PR,12,441
815,441,12,SP,SP,12,441
816,441,12,SP,SP,12,441
1210,441,20,SP,SP,20,441
281,440,1.5,PR,PR,1.5,440
282,440,1.5,PR,PR,1.5,440
283,440,1.5,PR,PR,1.5,440
284,440,1.5,PR,PR,1.5,440
473,439,3.5,MG,RJ,3.5,439
1309,439,21,SP,SP,21,439
1310,439,21,SP,SP,21,439
1311,439,21,SP,SP,21,439
1312,439,21,SP,SP,21,439
1359,439,23,RJ,SP,23,439
1360,439,23,RJ,SP,23,439
900,437,13,SP,SP,13,437
1490,437,25,SP,RJ,25,437
1491,437,25,SP,RJ,25,437
1492,437,25,SP,RJ,25,437
1493,437,25,SP,RJ,25,437
1494,437,25,SP,RJ,25,437
1495,437,25,SP,RJ,25,437
1496,437,25,SP,RJ,25,437
568,436,6,SP,SP,6,436
615,435,6.8,RJ,SP,6.8,435
285,434,1.5,SP,SP,1.5,434
286,434,1.5,SP,SP,1.5,434
287,434,1.5,SP,SP,1.5,434
288,434,1.5,SP,SP,1.5,434
817,434,12,SC,SC,12,434
1211,434,20,PR,PR,20,434
670,433,10,SP,SP,10,433
671,433,10,SP,SP,10,433
672,433,10,SP,SP,10,433
673,433,10,SP,SP,10,433
674,433,10,SP,SP,10,433
1741,433,30,SP,PR,30,433
1335,432,22,RJ,SP,22,432
1336,432,22,RJ,SP,22,432
1337,432,22,RJ,SP,22,432
1338,432,22,RJ,SP,22,432
1339,432,22,RJ,SP,22,432
1611,432,26,SP,RJ,26,432
444,431,3,MG,MG,3,431
445,431,3,MG,MG,3,431
446,431,3,MG,MG,3,431
1497,431,25,MG,MG,25,431
818,428,12,RJ,SP,12,428
1212,428,20,PR,PR,20,428
1361,428,23,RJ,SP,23,428
1362,428,23,RJ,SP,23,428
1363,428,23,RJ,SP,23,428
1742,428,30,SP,PR,30,428
1743,427,30,PR,SP,30,427
23,426,0.094,SP,SP,0.094,426
24,426,0.094,SP,SP,0.094,426
1213,426,20,SP,MG,20,426
819,425,12,SP,PR,12,425
820,425,12,SP,PR,12,425
1214,425,20,PR,PR,20,425
1744,424,30,SP,PR,30,424
1215,423,20,PR,PR,20,423
1745,420,30,SP,PR,30,420
1746,420,30,SP,PR,30,420
51,415,0.17,RJ,SP,0.17,415
821,415,12,RJ,SP,12,415
1340,414,22,RJ,SP,22,414
1404,413,24,SP,SP,24,413
1747,413,30,SP,PR,30,413
13,412,0.07,RJ,SP,0.07,412
1364,412,23,RJ,SP,23,412
1365,412,23,RJ,SP,23,412
1366,412,23,RJ,SP,23,412
1367,412,23,RJ,SP,23,412
1368,412,23,RJ,SP,23,412
1369,412,23,RJ,SP,23,412
1370,412,23,RJ,SP,23,412
1216,408,20,SP,SP,20,408
1948,408,35,SP,PR,35,408
462,407,3.3,RJ,SP,3.3,407
463,407,3.3,RJ,SP,3.3,407
464,407,3.3,RJ,SP,3.3,407
465,407,3.3,RJ,SP,3.3,407
466,407,3.3,RJ,SP,3.3,407
822,407,12,SP,PR,12,407
1648,407,27,SP,SP,27,407
1748,407,30,SP,RJ,30,407
1749,407,30,SP,RJ,30,407
1750,407,30,SP,RJ,30,407
1751,407,30,SP,PR,30,407
1752,407,30,SP,PR,30,407
823,406,12,PR,SC,12,406
85,405,0.3,SP,SP,0.3,405
569,405,6,SP,SP,6,405
1217,405,20,SP,MG,20,405
1949,405,35,SC,PR,35,405
289,404,1.5,PR,SP,1.5,404
290,404,1.5,PR,SP,1.5,404
570,404,6,SP,SP,6,404
1498,404,25,RJ,SP,25,404
1499,404,25,SP,RJ,25,404
1218,403,20,PR,SP,20,403
630,402,7,SP,PR,7,402
631,402,7,SP,PR,7,402
1030,402,15,SP,PR,15,402
1031,402,15,SP,PR,15,402
1032,402,15,SP,PR,15,402
1500,401,25,PR,SP,25,401
675,400,10,SP,PR,10,400
1219,400,20,SP,PR,20,400
1220,400,20,SP,PR,20,400
1501,400,25,RJ,SP,25,400
752,399,11.7,SP,PR,11.7,399
1950,398,35,SP,PR,35,398
1405,397,24,SP,SP,24,397
1612,397,26,SP,SP,26,397
1613,397,26,SP,SP,26,397
34,396,0.1,MG,RJ,0.1,396
676,396,10,SP,PR,10,396
1221,395,20,SP,SP,20,395
1951,395,35,SP,PR,35,395
824,394,12,PR,SP,12,394
1222,394,20,SP,SP,20,394
1223,394,20,SP,SP,20,394
1952,393,35,SP,PR,35,393
901,392,13,SP,SP,13,392
902,392,13,SP,SP,13,392
903,392,13,SP,SP,13,392
904,392,13,SP,SP,13,392
1406,392,24,SP,SP,24,392
1407,392,24,SP,SP,24,392
1408,392,24,SP,SP,24,392
1409,392,24,SP,SP,24,392
1410,392,24,SP,SP,24,392
1614,392,26,SP,SP,26,392
1615,392,26,SP,SP,26,392
1616,392,26,SP,SP,26,392
969,391,14,RJ,MG,14,391
970,391,14,RJ,MG,14,391
2236,389,4.5,SP,RJ,4.5,389
2237,389,4.5,SP,RJ,4.5,389
2238,389,4.5,SP,RJ,4.5,389
716,387,10.1,RJ,SP,10.1,387
717,387,10.1,RJ,SP,10.1,387
718,387,10.1,RJ,SP,10.1,387
719,387,10.1,RJ,SP,10.1,387
720,387,10.1,RJ,SP,10.1,387
721,387,10.1,RJ,SP,10.1,387
722,387,10.1,RJ,SP,10.1,387
723,387,10.1,RJ,SP,10.1,387
747,387,11.6,RJ,SP,11.6,387
1080,387,17.4,RJ,SP,17.4,387
1081,387,17.4,RJ,SP,17.4,387
1086,387,17.8,RJ,SP,17.8,387
1087,387,17.9,RJ,SP,17.9,387
1325,387,21.2,RJ,SP,21.2,387
1326,387,21.2,RJ,SP,21.2,387
1327,387,21.4,RJ,SP,21.4,387
1606,387,25.5,RJ,SP,25.5,387
2204,387,24.8,RJ,SP,24.8,387
2205,387,24.8,RJ,SP,24.8,387
2206,387,24.8,RJ,SP,24.8,387
230,386,1,RJ,SP,1,386
474,386,3.5,MG,SP,3.5,386
1224,385,20,PR,PR,20,385
1675,384,29.1,SP,SP,29.1,384
1866,384,30.1,SP,SP,30.1,384
1225,383,20,SP,SP,20,383
1226,383,20,SP,SP,20,383
1227,383,20,SP,SP,20,383
1228,383,20,SP,SP,20,383
1953,382,35,GO,MG,35,382
971,381,14,MG,SP,14,381
972,381,14,MG,SP,14,381
1894,381,32,MG,SP,32,381
1502,380,25,SP,PR,25,380
748,378,11.6,SP,SP,11.6,378
749,378,11.6,SP,SP,11.6,378
750,378,11.6,SP,SP,11.6,378
751,378,11.6,SP,SP,11.6,378
1125,378,18.9,SP,SP,18.9,378
1411,378,24,MG,MG,24,378
1670,377,28.1,SP,SP,28.1,377
1671,377,28.1,SP,SP,28.1,377
877,371,12.1,SP,RJ,12.1,371
1412,368,24,SP,SP,24,368
825,365,12,SP,SP,12,365
1867,365,30.1,SP,SP,30.1,365
1868,365,30.1,SP,SP,30.1,365
1869,365,30.1,SP,SP,30.1,365
1870,365,30.1,SP,SP,30.1,365
447,363,3,SC,SC,3,363
1082,363,17.4,RJ,SP,17.4,363
1083,363,17.4,RJ,SP,17.4,363
1084,363,17.4,RJ,SP,17.4,363
905,360,13,SP,SP,13,360
1371,360,23,SP,SP,23,360
677,357,10,SP,SP,10,357
678,357,10,SP,SP,10,357
826,357,12,SP,SP,12,357
1503,354,25,SP,SP,25,354
1033,349,15,SP,SP,15,349
1034,349,15,SP,SP,15,349
1658,346,27.5,PR,SP,27.5,346
231,345,1,PR,PR,1,345
232,345,1,PR,PR,1,345
233,345,1,PR,PR,1,345
234,345,1,PR,PR,1,345
1229,344,20,PR,PR,20,344
162,343,0.6,SP,SP,0.6,343
163,343,0.6,SP,SP,0.6,343
164,343,0.6,SP,SP,0.6,343
165,343,0.6,SP,SP,0.6,343
827,343,12,SP,SP,12,343
828,343,12,SP,SP,12,343
1413,343,24,SP,SP,24,343
1504,343,25,RJ,SP,25,343
2015,341,50,MT,MT,50,341
2016,341,50,MT,MT,50,341
2017,341,50,MT,MT,50,341
39,340,0.12,BA,ES,0.12,340
127,338,0.45,SP,SP,0.45,338
1505,337,25,SP,RJ,25,337
1617,337,26,SP,RJ,26,337
435,332,2.9,SP,SP,2.9,332
436,332,2.9,SP,SP,2.9,332
437,332,2.9,SP,SP,2.9,332
438,332,2.9,SP,SP,2.9,332
679,332,10,RJ,SP,10,332
1506,331,25,SP,RJ,25,331
1507,331,25,SP,RJ,25,331
1508,331,25,SP,RJ,25,331
1509,331,25,SP,RJ,25,331
1510,331,25,SP,RJ,25,331
1511,331,25,SP,RJ,25,331
829,330,12,SP,SP,12,330
1663,330,28,SP,SP,28,330
1664,330,28,SP,SP,28,330
1665,330,28,SP,SP,28,330
878,329,12.1,SP,SP,12.1,329
1103,329,18,SP,SP,18,329
1895,327,32,PR,SP,32,327
571,326,6,SP,SP,6,326
830,326,12,SP,SP,12,326
831,326,12,SP,SP,12,326
832,326,12,SP,SP,12,326
973,326,14,SP,SP,14,326
1230,326,20,SP,SP,20,326
1231,326,20,SP,SP,20,326
833,325,12,SP,SP,12,325
725,321,10.3,SP,SP,10.3,321
1954,321,35,SC,PR,35,321
753,320,11.7,SP,SP,11.7,320
1955,320,35,SP,SP,35,320
1313,318,21,SP,SP,21,318
1104,314,18,MG,SP,18,314
1896,313,32,RJ,RJ,32,313
1897,313,32,RJ,RJ,32,313
1618,312,26,SP,SP,26,312
1619,312,26,SP,SP,26,312
834,307,12,SP,SP,12,307
835,307,12,SP,SP,12,307
836,307,12,SP,SP,12,307
924,306,13.3,SP,SP,13.3,306
1414,306,24,SP,SP,24,306
1512,304,25,RJ,RJ,25,304
643,303,7.5,SP,SP,7.5,303
644,303,7.5,SP,SP,7.5,303
645,303,7.5,SP,SP,7.5,303
646,303,7.5,SP,SP,7.5,303
1513,303,25,SP,SP,25,303
837,301,12,ES,RJ,12,301
1328,297,21.5,SP,RJ,21.5,297
1514,297,25,SP,RJ,25,297
1515,297,25,SP,RJ,25,297
1516,297,25,SP,RJ,25,297
1517,297,25,SP,RJ,25,297
1518,297,25,SP,RJ,25,297
1519,297,25,SP,RJ,25,297
1520,297,25,SP,RJ,25,297
113,293,0.395,MG,SP,0.395,293
176,293,0.7,SP,SP,0.7,293
154,292,0.56,SP,RJ,0.56,292
1105,292,18,SP,RJ,18,292
1521,291,25,MG,MG,25,291
386,290,2.5,RJ,RJ,2.5,290
387,290,2.5,RJ,RJ,2.5,290
388,290,2.5,RJ,RJ,2.5,290
389,290,2.5,RJ,RJ,2.5,290
1232,290,20,PR,PR,20,290
1233,290,20,PR,PR,20,290
1234,290,20,PR,PR,20,290
1235,290,20,PR,PR,20,290
726,287,10.3,SP,SP,10.3,287
86,285,0.3,MG,SP,0.3,285
1956,285,35,MG,MG,35,285
1522,284,25,SP,RJ,25,284
1523,284,25,SP,RJ,25,284
1524,284,25,SP,RJ,25,284
145,283,0.51,SP,SP,0.51,283
364,280,2,GO,GO,2,280
256,279,1.2,MG,MG,1.2,279
235,276,1,SP,SP,1,276
838,273,12,SP,SP,12,273
1106,273,18,MG,SP,18,273
1415,271,24,SP,RJ,24,271
1416,271,24,SP,RJ,24,271
1417,271,24,SP,RJ,24,271
1418,271,24,SP,RJ,24,271
1525,271,25,SP,RJ,25,271
1526,271,25,SP,RJ,25,271
1527,271,25,SP,RJ,25,271
1528,271,25,SP,RJ,25,271
1666,271,28,SP,RJ,28,271
53,270,0.175,RJ,SP,0.175,270
54,270,0.175,RJ,SP,0.175,270
649,268,7.6,SP,SP,7.6,268
1236,268,20,MG,SP,20,268
925,267,13.3,SP,SP,13.3,267
680,262,10,MG,MG,10,262
681,262,10,MG,MG,10,262
682,262,10,MG,MG,10,262
683,262,10,MG,MG,10,262
839,257,12,SP,SP,12,257
1419,257,24,SP,MG,24,257
1529,256,25,SP,RJ,25,256
1530,256,25,SP,RJ,25,256
1957,255,35,PR,SC,35,255
2217,252,4,MG,SP,4,252
1531,251,25,SP,RJ,25,251
1532,251,25,SP,RJ,25,251
1533,251,25,SP,RJ,25,251
1534,251,25,SP,RJ,25,251
732,248,10.6,SP,SP,10.6,248
1002,248,14.2,SP,SP,14.2,248
1003,248,14.2,SP,SP,14.2,248
1004,248,14.2,SP,SP,14.2,248
1005,248,14.2,SP,SP,14.2,248
1237,248,20,SP,SP,20,248
236,247,1,PR,PR,1,247
237,247,1,PR,PR,1,247
238,247,1,PR,PR,1,247
239,247,1,PR,PR,1,247
1535,246,25,SP,SP,25,246
930,245,13.9,MG,MG,13.9,245
146,243,0.51,SP,SP,0.51,243
840,243,12,SC,PR,12,243
1536,243,25,SP,RJ,25,243
1537,243,25,SP,RJ,25,243
1538,243,25,SP,RJ,25,243
1539,243,25,SP,RJ,25,243
1753,243,30,SP,RJ,30,243
572,242,6,SP,SP,6,242
1649,241,27,MG,MG,27,241
1420,240,24,SP,MG,24,240
1965,238,37,PR,PR,37,238
1966,238,37,PR,PR,37,238
1967,238,37,PR,PR,37,238
1968,238,37,PR,PR,37,238
1969,238,37,PR,PR,37,238
1970,238,37,PR,PR,37,238
1971,238,37,PR,PR,37,238
1972,238,37,PR,PR,37,238
1973,238,37,PR,PR,37,238
1974,238,37,PR,PR,37,238
1975,238,37,PR,PR,37,238
1659,236,27.5,SP,SP,27.5,236
116,232,0.4,MG,DF,0.4,232
117,232,0.4,MG,DF,0.4,232
118,232,0.4,MG,DF,0.4,232
1035,229,15,SP,SP,15,229
1650,228,27,SP,SP,27,228
1651,228,27,SP,SP,27,228
1652,228,27,SP,SP,27,228
895,226,12.7,SP,SP,12.7,226
896,226,12.7,SP,SP,12.7,226
573,223,6,SP,SP,6,223
607,218,6.5,SP,SP,6.5,218
2218,214,4,MT,MT,4,214
1372,205,23,MG,SP,23,205
1373,205,23,MG,SP,23,205
1374,205,23,MG,SP,23,205
841,204,12,SP,SP,12,204
842,204,12,SP,SP,12,204
647,199,7.5,SP,SP,7.5,199
906,197,13,SP,MG,13,197
907,197,13,SP,MG,13,197
894,195,12.6,SP,SP,12.6,195
897,195,12.8,SP,SP,12.8,195
743,193,11.5,SP,SP,11.5,193
744,193,11.5,SP,SP,11.5,193
1238,193,20,SP,SP,20,193
1421,193,24,SP,MG,24,193
730,192,10.5,SP,SP,10.5,192
1239,191,20,SP,SP,20,191
1375,191,23,SP,SP,23,191
1376,191,23,SP,SP,23,191
537,190,5,SP,SP,5,190
1540,189,25,SP,SP,25,189
1541,188,25,SP,SP,25,188
1036,186,15,SP,SP,15,186
1056,186,15.9,SP,SP,15.9,186
1674,185,29,SP,SP,29,185
1976,185,37,PR,PR,37,185
1977,185,37,PR,PR,37,185
1978,185,37,PR,PR,37,185
1979,185,37,PR,PR,37,185
1980,185,37,PR,PR,37,185
684,180,10,SP,SP,10,180
685,180,10,SP,SP,10,180
686,180,10,SP,SP,10,180
1981,180,37,PR,PR,37,180
1982,180,37,PR,PR,37,180
1983,180,37,PR,PR,37,180
1984,180,37,PR,PR,37,180
1985,180,37,PR,PR,37,180
390,178,2.5,RJ,RJ,2.5,178
1542,178,25,SP,SP,25,178
974,177,14,SP,SP,14,177
1354,177,22.1,SP,SP,22.1,177
687,176,10,SP,SP,10,176
1240,176,20,SP,MG,20,176
1314,174,21,SP,SP,21,174
1754,174,30,SP,SP,30,174
688,173,10,SP,SP,10,173
1660,171,27.5,SP,SP,27.5,171
1755,171,30,SP,SP,30,171
632,170,7,SP,SP,7,170
41,169,0.123,SP,SP,0.123,169
1241,169,20,SP,SP,20,169
1422,167,24,SP,SP,24,167
1242,164,20,SP,SP,20,164
1543,162,25,SP,SP,25,162
1986,162,37,PR,PR,37,162
1987,162,37,PR,PR,37,162
1988,162,37,PR,PR,37,162
1989,162,37,PR,PR,37,162
1990,162,37,PR,PR,37,162
240,161,1,SP,SP,1,161
0,160,0.05,SP,SP,0.05,160
843,158,12,SP,SP,12,158
1756,158,30,SP,SP,30,158
724,155,10.1,SP,SP,10.1,155
727,155,10.3,SP,SP,10.3,155
742,155,11.4,SP,SP,11.4,155
745,155,11.5,SP,SP,11.5,155
879,155,12.1,SP,SP,12.1,155
880,155,12.1,SP,SP,12.1,155
881,155,12.1,SP,SP,12.1,155
882,155,12.1,SP,SP,12.1,155
908,155,13,SP,SP,13,155
919,155,13.1,SP,SP,13.1,155
920,155,13.1,SP,SP,13.1,155
921,155,13.1,SP,SP,13.1,155
1391,155,23.4,SP,SP,23.4,155
1243,154,20,SP,SP,20,154
538,153,5,SP,SP,5,153
1377,149,23,SP,SP,23,149
139,148,0.5,SP,SP,0.5,148
1991,148,37,PR,PR,37,148
1992,148,37,PR,PR,37,148
975,147,14,SP,SP,14,147
844,146,12,SP,SP,12,146
845,146,12,SP,SP,12,146
846,146,12,SP,SP,12,146
347,145,1.7,SP,SP,1.7,145
348,145,1.7,SP,SP,1.7,145
349,145,1.7,SP,SP,1.7,145
2219,144,4,SP,SP,4,144
1993,143,37,PR,PR,37,143
1994,143,37,PR,PR,37,143
1995,143,37,PR,PR,37,143
1996,143,37,PR,PR,37,143
1997,143,37,PR,PR,37,143
1998,143,37,PR,PR,37,143
80,142,0.285,SP,SP,0.285,142
81,142,0.285,SP,SP,0.285,142
82,142,0.285,SP,SP,0.285,142
83,142,0.285,SP,SP,0.285,142
448,142,3,SP,SP,3,142
2018,141,50,MT,MT,50,141
2019,141,50,MT,MT,50,141
2020,141,50,MT,MT,50,141
1958,140,35,PR,PR,35,140
1999,140,37,PR,PR,37,140
2000,140,37,PR,PR,37,140
2001,140,37,PR,PR,37,140
2002,140,37,PR,PR,37,140
2003,140,37,PR,PR,37,140
2004,140,37,PR,PR,37,140
2005,140,37,PR,PR,37,140
1959,138,35,PR,PR,35,138
2220,138,4,SP,SP,4,138
87,137,0.3,SP,SP,0.3,137
976,135,14,MG,MG,14,135
1066,135,16.5,SP,SP,16.5,135
539,134,5,SP,SP,5,134
1378,133,23,RJ,RJ,23,133
1607,132,25.8,SP,SP,25.8,132
2021,131,50,MT,MT,50,131
2022,131,50,MT,MT,50,131
2023,131,50,MT,MT,50,131
2024,131,50,MT,MT,50,131
2025,131,50,MT,MT,50,131
2026,131,50,MT,MT,50,131
1544,129,25,RJ,RJ,25,129
1545,129,25,RJ,RJ,25,129
1546,129,25,RJ,RJ,25,129
1547,129,25,RJ,RJ,25,129
527,128,4,SP,SP,4,128
1667,128,28,SP,SP,28,128
1871,128,30.1,SP,SP,30.1,128
1877,128,31.2,SP,SP,31.2,128
326,127,1.6,RS,RS,1.6,127
257,125,1.2,SP,SP,1.2,125
1548,125,25,RJ,RJ,25,125
1549,125,25,RJ,RJ,25,125
1550,125,25,RJ,RJ,25,125
1551,125,25,RJ,RJ,25,125
1107,122,18,SP,SP,18,122
1244,122,20,SP,SP,20,122
1423,122,24,SP,SP,24,122
350,118,1.7,SP,SP,1.7,118
351,118,1.7,SP,SP,1.7,118
352,118,1.7,SP,SP,1.7,118
353,118,1.7,SP,SP,1.7,118
1245,118,20,RJ,RJ,20,118
1246,116,20,PE,PE,20,116
1247,113,20,SP,SP,20,113
1248,113,20,SP,SP,20,113
1249,113,20,SP,SP,20,113
1898,113,32,SP,SP,32,113
2239,113,4.5,SP,SP,4.5,113
1250,112,20,SP,SP,20,112
734,111,11,SP,SP,11,111
735,111,11,SP,SP,11,111
909,111,13,SP,SP,13,111
1251,110,20,SP,MG,20,110
439,108,2.9,SP,SP,2.9,108
1252,107,20,SP,SP,20,107
1672,107,28.5,SC,SC,28.5,107
1757,107,30,RJ,RJ,30,107
1758,107,30,RJ,RJ,30,107
1759,107,30,SP,SP,30,107
1960,107,35,PR,PR,35,107
22,105,0.085,RS,RS,0.085,105
633,105,7,SP,SP,7,105
128,103,0.46,MG,SP,0.46,103
1108,103,18,SP,SP,18,103
1341,103,22,SP,SP,22,103
1342,103,22,SP,SP,22,103
1343,103,22,SP,SP,22,103
1324,102,21.1,SP,SP,21.1,102
1552,102,25,SP,SP,25,102
1253,101,20,SP,MG,20,101
1254,101,20,SP,MG,20,101
1255,101,20,SP,MG,20,101
1661,101,27.5,MG,SP,27.5,101
62,97,0.2,SP,SP,0.2,97
291,97,1.5,SP,SP,1.5,97
977,96,14,SP,SP,14,96
978,96,14,SP,SP,14,96
475,95,3.5,SP,SP,3.5,95
476,95,3.5,SP,SP,3.5,95
477,95,3.5,SP,SP,3.5,95
478,95,3.5,SP,SP,3.5,95
479,95,3.5,SP,SP,3.5,95
480,95,3.5,SP,SP,3.5,95
481,95,3.5,SP,SP,3.5,95
482,95,3.5,SP,SP,3.5,95
689,95,10,MG,SP,10,95
1899,94,32,SP,SP,32,94
428,93,2.6,SP,SP,2.6,93
1900,92,32,SP,SP,32,92
1553,91,25,BA,BA,25,91
1554,91,25,BA,BA,25,91
1555,91,25,BA,BA,25,91
63,89,0.2,SP,SP,0.2,89
64,89,0.2,SP,SP,0.2,89
1931,89,33.2,SP,SP,33.2,89
910,87,13,SP,SP,13,87
263,85,1.3,SP,SP,1.3,85
264,85,1.3,SP,SP,1.3,85
265,85,1.3,SP,SP,1.3,85
736,85,11,SP,SP,11,85
847,85,12,RJ,RJ,12,85
1037,85,15,SP,SP,15,85
140,81,0.5,SP,SP,0.5,81
327,80,1.6,RJ,RJ,1.6,80
391,80,2.5,RJ,RJ,2.5,80
540,79,5,SP,SP,5,79
1901,79,32,SP,SP,32,79
241,77,1,MG,MG,1,77
1760,74,30,RJ,RJ,30,74
1761,74,30,RJ,RJ,30,74
1762,74,30,RJ,RJ,30,74
1379,73,23,SP,SP,23,73
1380,73,23,SP,SP,23,73
1381,73,23,SP,SP,23,73
1382,73,23,SP,SP,23,73
1383,73,23,SP,SP,23,73
1384,73,23,SP,SP,23,73
1385,73,23,SP,SP,23,73
1386,73,23,SP,SP,23,73
911,72,13,SP,SP,13,72
242,71,1,SP,SP,1,71
429,71,2.6,SP,SP,2.6,71
449,71,3,MG,MG,3,71
551,71,5.5,SP,SP,5.5,71
848,71,12,SP,SP,12,71
849,71,12,SP,SP,12,71
850,71,12,SP,SP,12,71
851,71,12,SP,SP,12,71
1256,71,20,SP,SP,20,71
852,70,12,SP,SP,12,70
292,69,1.5,SP,SP,1.5,69
293,69,1.5,SP,SP,1.5,69
294,69,1.5,SP,SP,1.5,69
295,69,1.5,SP,SP,1.5,69
1038,66,15,SP,SP,15,66
690,65,10,SP,SP,10,65
912,65,13,SP,SP,13,65
328,64,1.6,RJ,RJ,1.6,64
329,64,1.6,RJ,RJ,1.6,64
392,64,2.5,RJ,RJ,2.5,64
393,64,2.5,SP,SP,2.5,64
1556,64,25,SP,SP,25,64
1557,64,25,SP,SP,25,64
1558,64,25,SP,SP,25,64
1559,64,25,SP,SP,25,64
1560,64,25,SP,SP,25,64
1257,63,20,SP,SP,20,63
1561,62,25,SP,SP,25,62
979,61,14,MG,MG,14,61
980,61,14,MG,MG,14,61
243,60,1,SP,SP,1,60
244,60,1,SP,SP,1,60
245,60,1,SP,SP,1,60
246,60,1,SP,SP,1,60
1258,60,20,SP,SP,20,60
1039,59,15,SP,SP,15,59
1040,59,15,SP,SP,15,59
1041,59,15,SP,SP,15,59
1042,59,15,SP,SP,15,59
1043,59,15,SP,SP,15,59
1259,59,20,SP,SP,20,59
574,55,6,SP,SP,6,55
575,55,6,SP,SP,6,55
853,55,12,SP,SP,12,55
330,54,1.6,SP,SP,1.6,54
331,54,1.6,SP,SP,1.6,54
332,54,1.6,SP,SP,1.6,54
333,54,1.6,SP,SP,1.6,54
334,54,1.6,SP,SP,1.6,54
394,54,2.5,SP,SP,2.5,54
395,54,2.5,SP,SP,2.5,54
396,54,2.5,SP,SP,2.5,54
397,54,2.5,SP,SP,2.5,54
398,54,2.5,SP,SP,2.5,54
399,54,2.5,SP,SP,2.5,54
400,54,2.5,SP,SP,2.5,54
401,54,2.5,SP,SP,2.5,54
402,54,2.5,SP,SP,2.5,54
403,54,2.5,SP,SP,2.5,54
483,54,3.5,SP,SP,3.5,54
484,54,3.5,SP,SP,3.5,54
576,54,6,SP,SP,6,54
981,54,14,SP,SP,14,54
1260,53,20,SP,SP,20,53
1261,53,20,SP,SP,20,53
1044,52,15,SP,SP,15,52
404,50,2.5,SP,SP,2.5,50
405,50,2.5,SP,SP,2.5,50
406,50,2.5,SP,SP,2.5,50
407,50,2.5,SP,SP,2.5,50
450,50,3,SP,SP,3,50
451,50,3,SP,SP,3,50
452,50,3,SP,SP,3,50
485,50,3.5,SP,SP,3.5,50
486,50,3.5,SP,SP,3.5,50
487,50,3.5,SP,SP,3.5,50
488,50,3.5,SP,SP,3.5,50
489,50,3.5,SP,SP,3.5,50
2199,47,24,SP,SP,24,47
408,46,2.5,SP,SP,2.5,46
1109,44,18,SP,SP,18,44
1110,44,18,SP,SP,18,44
1763,44,30,SP,SP,30,44
913,42,13,SP,SP,13,42
189,41,0.8,SP,SP,0.8,41
190,41,0.8,SP,SP,0.8,41
214,41,0.94,SP,SP,0.94,41
215,41,0.94,SP,SP,0.94,41
216,41,0.94,SP,SP,0.94,41
217,41,0.94,SP,SP,0.94,41
218,41,0.94,SP,SP,0.94,41
247,41,1,SP,SP,1,41
854,41,12,PE,PE,12,41
889,41,12.5,RJ,RJ,12.5,41
890,41,12.5,RJ,RJ,12.5,41
891,41,12.5,RJ,RJ,12.5,41
892,41,12.5,RJ,RJ,12.5,41
893,41,12.5,RJ,RJ,12.5,41
1262,41,20,PE,PE,20,41
296,40,1.5,SP,SP,1.5,40
297,40,1.5,SP,SP,1.5,40
298,40,1.5,SP,SP,1.5,40
299,40,1.5,SP,SP,1.5,40
335,40,1.6,SP,SP,1.6,40
336,40,1.6,SP,SP,1.6,40
337,40,1.6,SP,SP,1.6,40
338,40,1.6,SP,SP,1.6,40
339,40,1.6,SP,SP,1.6,40
354,40,1.7,SP,SP,1.7,40
409,40,2.5,SP,SP,2.5,40
577,40,6,SP,SP,6,40
578,40,6,SP,SP,6,40
579,40,6,SP,SP,6,40
580,40,6,SP,SP,6,40
608,40,6.5,SP,SP,6.5,40
982,40,14,SP,SP,14,40
1263,40,20,SP,SP,20,40
35,39,0.1,SP,SP,0.1,39
300,39,1.5,SP,SP,1.5,39
301,39,1.5,SP,SP,1.5,39
302,39,1.5,SP,SP,1.5,39
303,39,1.5,SP,SP,1.5,39
304,39,1.5,SP,SP,1.5,39
305,39,1.5,SP,SP,1.5,39
306,39,1.5,SP,SP,1.5,39
307,39,1.5,SP,SP,1.5,39
308,39,1.5,SP,SP,1.5,39
490,39,3.5,SP,SP,3.5,39
491,39,3.5,SP,SP,3.5,39
492,39,3.5,SP,SP,3.5,39
493,39,3.5,SP,SP,3.5,39
494,39,3.5,SP,SP,3.5,39
495,39,3.5,SP,SP,3.5,39
496,39,3.5,SP,SP,3.5,39
497,39,3.5,SP,SP,3.5,39
581,39,6,SP,SP,6,39
582,39,6,SP,SP,6,39
583,39,6,SP,SP,6,39
584,39,6,SP,SP,6,39
585,39,6,SP,SP,6,39
586,39,6,SP,SP,6,39
587,39,6,SP,SP,6,39
588,39,6,SP,SP,6,39
983,39,14,SP,SP,14,39
984,39,14,SP,SP,14,39
985,39,14,SP,SP,14,39
986,39,14,SP,SP,14,39
987,39,14,SP,SP,14,39
988,39,14,SP,SP,14,39
989,39,14,SP,SP,14,39
1085,39,17.7,SP,SP,17.7,39
519,38,3.6,SP,SP,3.6,38
520,38,3.6,SP,SP,3.6,38
521,38,3.6,SP,SP,3.6,38
522,38,3.6,SP,SP,3.6,38
309,36,1.5,MG,MG,1.5,36
410,36,2.5,SP,SP,2.5,36
310,35,1.5,SP,SP,1.5,35
311,35,1.5,SP,SP,1.5,35
312,35,1.5,SP,SP,1.5,35
1111,35,18,SP,SP,18,35
119,34,0.4,SP,SP,0.4,34
691,34,10,SP,SP,10,34
411,33,2.5,RJ,RJ,2.5,33
552,31,5.5,SP,SP,5.5,31
1562,31,25,SP,SP,25,31
1563,31,25,SP,SP,25,31
177,29,0.7,SP,SP,0.7,29
248,29,1,SP,SP,1,29
120,28,0.4,SP,SP,0.4,28
249,28,1,SP,SP,1,28
313,28,1.5,SP,SP,1.5,28
314,28,1.5,SP,SP,1.5,28
692,28,10,SP,SP,10,28
453,27,3,SP,SP,3,27
498,27,3.5,SP,SP,3.5,27
499,27,3.5,SP,SP,3.5,27
500,27,3.5,SP,SP,3.5,27
501,27,3.5,SP,SP,3.5,27
502,27,3.5,SP,SP,3.5,27
503,27,3.5,SP,SP,3.5,27
504,27,3.5,SP,SP,3.5,27
505,27,3.5,SP,SP,3.5,27
506,27,3.5,SP,SP,3.5,27
507,27,3.5,SP,SP,3.5,27
508,27,3.5,SP,SP,3.5,27
509,27,3.5,SP,SP,3.5,27
510,27,3.5,SP,SP,3.5,27
511,27,3.5,SP,SP,3.5,27
512,27,3.5,SP,SP,3.5,27
589,27,6,SP,SP,6,27
524,26,3.8,SP,SP,3.8,26
1060,26,16,BA,BA,16,26
258,25,1.2,SP,SP,1.2,25
1264,25,20,PE,PE,20,25
1265,25,20,SP,SP,20,25
141,24,0.5,SP,SP,0.5,24
142,24,0.5,SP,SP,0.5,24
143,24,0.5,SP,SP,0.5,24
1045,24,15,SP,SP,15,24
365,23,2,SP,SP,2,23
1344,23,22,SP,SP,22,23
1387,23,23,SP,SP,23,23
340,22,1.6,RJ,RJ,1.6,22
341,21,1.6,SP,SP,1.6,21
342,21,1.6,SP,SP,1.6,21
343,21,1.6,SP,SP,1.6,21
344,21,1.6,SP,SP,1.6,21
345,21,1.6,SP,SP,1.6,21
412,21,2.5,SP,SP,2.5,21
413,21,2.5,SP,SP,2.5,21
414,21,2.5,SP,SP,2.5,21
415,21,2.5,SP,SP,2.5,21
416,21,2.5,SP,SP,2.5,21
417,21,2.5,SP,SP,2.5,21
914,21,13,SP,SP,13,21
2125,21,53,SP,SP,53,21
2126,21,53,SP,SP,53,21
250,19,1,SP,SP,1,19
251,19,1,SP,SP,1,19
553,19,5.5,SP,SP,5.5,19
855,19,12,SP,SP,12,19
856,19,12,SP,SP,12,19
144,18,0.5,SP,SP,0.5,18
213,18,0.939,SP,SP,0.939,18
315,18,1.5,SP,SP,1.5,18
316,18,1.5,SP,SP,1.5,18
355,18,1.7,SP,SP,1.7,18
366,18,2,SP,SP,2,18
367,18,2,SP,SP,2,18
368,18,2,SP,SP,2,18
369,18,2,SP,SP,2,18
433,18,2.8,SP,SP,2.8,18
434,18,2.8,SP,SP,2.8,18
513,18,3.5,SP,SP,3.5,18
590,18,6,SP,SP,6,18
591,18,6,SP,SP,6,18
592,18,6,SP,SP,6,18
857,18,12,SP,SP,12,18
1266,18,20,SP,SP,20,18
1267,18,20,SP,SP,20,18
1268,18,20,SP,SP,20,18
1269,18,20,SP,SP,20,18
1270,18,20,SP,SP,20,18
1271,18,20,SP,SP,20,18
1272,18,20,SP,SP,20,18
1273,18,20,SP,SP,20,18
1274,18,20,SP,SP,20,18
1275,18,20,SP,SP,20,18
1276,18,20,SP,SP,20,18
1277,18,20,SP,SP,20,18
1424,18,24,SP,SP,24,18
418,17,2.5,RJ,RJ,2.5,17
419,17,2.5,RJ,RJ,2.5,17
420,17,2.5,RJ,RJ,2.5,17
421,17,2.5,RJ,RJ,2.5,17
422,17,2.5,RJ,RJ,2.5,17
423,17,2.5,RJ,RJ,2.5,17
593,17,6,MG,MG,6,17
514,16,3.5,SP,SP,3.5,16
515,16,3.5,SP,SP,3.5,16
516,16,3.5,SP,SP,3.5,16
517,16,3.5,SP,SP,3.5,16
518,16,3.5,SP,SP,3.5,16
1278,14,20,SP,SP,20,14
1620,14,26,SP,SP,26,14
1621,14,26,SP,SP,26,14
1622,14,26,SP,SP,26,14
1623,14,26,SP,SP,26,14
424,12,2.5,SP,SP,2.5,12
425,12,2.5,SP,SP,2.5,12
426,12,2.5,SP,SP,2.5,12
427,12,2.5,SP,SP,2.5,12
1279,12,20,SP,SP,20,12
1280,12,20,SP,SP,20,12
1564,12,25,SP,SP,25,12
1565,12,25,SP,SP,25,12
1764,12,30,SP,SP,30,12
1,11,0.05,SP,SP,0.05,11
858,11,12,SP,SP,12,11
36,10,0.1,SP,SP,0.1,10
554,10,5.5,SP,SP,5.5,10
555,10,5.5,SP,SP,5.5,10
556,10,5.5,SP,SP,5.5,10
557,10,5.5,SP,SP,5.5,10
37,9,0.1,SP,SP,0.1,9
614,9,6.7,SP,SP,6.7,9
1281,9,20,SP,SP,20,9
454,6,3,SP,SP,3,6
455,6,3,SP,SP,3,6
456,6,3,SP,SP,3,6
121,5,0.4,SP,SP,0.4,5
2134,4.25,100,RO,RN,100,4.25
2135,4.25,100,RO,RN,100,4.25
2136,4.25,100,RO,RN,100,4.25
2137,4.25,100,RO,RN,100,4.25
2138,4.25,100,RO,RN,100,4.25
2139,4.25,100,RO,RN,100,4.25
2027,3.636,50,MS,RN,50,3.636
2028,3.636,50,MS,RN,50,3.636
2029,3.636,50,MS,RN,50,3.636
2030,3.636,50,MS,RN,50,3.636
2031,3.636,50,MS,RN,50,3.636
1566,3.565,25,MT,RN,25,3.565
1567,3.565,25,MT,RN,25,3.565
1568,3.565,25,MT,RN,25,3.565
1569,3.565,25,MT,RN,25,3.565
2140,3.535,100,MS,RN,100,3.535
2141,3.535,100,MS,RN,100,3.535
2142,3.535,100,MS,RN,100,3.535
2143,3.535,100,MS,RN,100,3.535
2144,3.535,100,MS,RN,100,3.535
1765,3.509,30,PA,PR,30,3.509
1902,3.499,32,SC,PB,32,3.499
1903,3.499,32,SC,PB,32,3.499
1904,3.499,32,SC,PB,32,3.499
1905,3.499,32,SC,PB,32,3.499
1425,3.485,24,PE,SC,24,3.485
2145,3.406,100,MS,RN,100,3.406
2146,3.406,100,MS,RN,100,3.406
2147,3.406,100,MS,RN,100,3.406
2148,3.406,100,MS,RN,100,3.406
2149,3.406,100,MS,RN,100,3.406
2150,3.379,100,MT,RN,100,3.379
2151,3.379,100,MT,RN,100,3.379
2152,3.379,100,MT,RN,100,3.379
2153,3.379,100,MT,RN,100,3.379
2154,3.379,100,MT,RN,100,3.379
1766,3.345,30,PA,PR,30,3.345
1570,3.333,25,MT,RN,25,3.333
1571,3.333,25,MT,RN,25,3.333
1572,3.333,25,MT,RN,25,3.333
1573,3.333,25,MT,RN,25,3.333
1574,3.333,25,MT,RN,25,3.333
1767,3.326,30,MA,PR,30,3.326
1768,3.326,30,MA,PR,30,3.326
1769,3.307,30,MA,PR,30,3.307
1770,3.284,30,PA,PR,30,3.284
2124,3.283,52,PE,PR,52,3.283
1653,3.273,27,PA,SC,27,3.273
2155,3.246,100,MT,RN,100,3.246
2156,3.246,100,MT,RN,100,3.246
2157,3.246,100,MT,RN,100,3.246
2158,3.246,100,MT,RN,100,3.246
2159,3.246,100,MT,RN,100,3.246
1771,3.211,30,MA,PR,30,3.211
1772,3.198,30,MA,PR,30,3.198
1773,3.19,30,MA,PR,30,3.19
1774,3.179,30,MA,PR,30,3.179
1775,3.167,30,MA,PR,30,3.167
1776,3.161,30,MA,PR,30,3.161
1777,3.151,30,PA,PR,30,3.151
1778,3.15,30,MA,PR,30,3.15
1779,3.146,30,PA,PR,30,3.146
1780,3.14,30,MA,PR,30,3.14
2160,3.138,100,SP,RN,100,3.138
2161,3.138,100,SP,RN,100,3.138
2162,3.138,100,SP,RN,100,3.138
2163,3.138,100,SP,RN,100,3.138
2164,3.138,100,SP,RN,100,3.138
2165,3.138,100,SP,RN,100,3.138
1781,3.136,30,PA,PR,30,3.136
1782,3.135,30,PB,PR,30,3.135
1783,3.126,30,PB,PR,30,3.126
1784,3.12,30,MA,PR,30,3.12
1785,3.112,30,PA,PR,30,3.112
1786,3.096,30,PA,PR,30,3.096
1787,3.094,30,PA,PR,30,3.094
1788,3.082,30,PA,PR,30,3.082
2166,3.08,100,MT,RN,100,3.08
2167,3.08,100,MT,RN,100,3.08
2168,3.08,100,MT,RN,100,3.08
2169,3.08,100,MT,RN,100,3.08
1789,3.078,30,PA,PR,30,3.078
1790,3.054,30,MA,PR,30,3.054
1791,3.05,30,PB,PR,30,3.05
1792,3.047,30,PA,PR,30,3.047
1793,3.028,30,PB,PR,30,3.028
1794,3.017,30,MA,PR,30,3.017
1795,3.015,30,MA,PR,30,3.015
1796,3.015,30,MA,PR,30,3.015
2032,2.987,50,MA,SP,50,2.987
2033,2.987,50,MA,SP,50,2.987
2034,2.987,50,MA,SP,50,2.987
2035,2.987,50,MA,SP,50,2.987
2036,2.987,50,MA,SP,50,2.987
2037,2.987,50,MA,SP,50,2.987
1575,2.976,25,GO,RN,25,2.976
1576,2.976,25,GO,RN,25,2.976
1577,2.976,25,GO,RN,25,2.976
1578,2.976,25,GO,RN,25,2.976
2006,2.95,49,PA,SP,49,2.95
2007,2.95,49,PA,SP,49,2.95
2008,2.95,49,PA,SP,49,2.95
2009,2.95,49,PA,SP,49,2.95
1797,2.924,30,PB,PR,30,2.924
1579,2.907,25,CE,SP,25,2.907
1798,2.89,30,PB,PR,30,2.89
1799,2.885,30,PB,PR,30,2.885
1580,2.869,25,GO,RN,25,2.869
1581,2.869,25,GO,RN,25,2.869
1582,2.869,25,GO,RN,25,2.869
1583,2.869,25,GO,RN,25,2.869
1584,2.869,25,GO,RN,25,2.869
1800,2.839,30,PA,SP,30,2.839
1801,2.839,30,PA,SP,30,2.839
1802,2.833,30,PB,PR,30,2.833
1585,2.803,25,PA,SP,25,2.803
1803,2.734,30,MA,PR,30,2.734
1906,2.68,32,SP,PE,32,2.68
1586,2.678,25,PB,SP,25,2.678
1587,2.678,25,PB,SP,25,2.678
1804,2.654,30,MA,PR,30,2.654
1345,2.643,22,PA,SP,22,2.643
1346,2.643,22,PA,SP,22,2.643
2038,2.643,50,SP,PE,50,2.643
1654,2.634,27,SP,PE,27,2.634
1426,2.616,24,PB,SP,24,2.616
1427,2.616,24,PB,SP,24,2.616
1907,2.608,32,PE,SP,32,2.608
1388,2.602,23,PE,SP,23,2.602
1282,2.591,20,PE,SP,20,2.591
1805,2.588,30,BA,PR,30,2.588
1806,2.579,30,SE,PR,30,2.579
1807,2.533,30,SE,PR,30,2.533
1315,2.486,21,PA,MT,21,2.486
1347,2.477,22,PE,SP,22,2.477
1428,2.477,24,PE,SP,24,2.477
2039,2.465,50,SC,MT,50,2.465
2040,2.465,50,SC,MT,50,2.465
2041,2.465,50,SC,MT,50,2.465
2042,2.465,50,SC,MT,50,2.465
2043,2.465,50,SC,MT,50,2.465
2044,2.465,50,SC,MT,50,2.465
1283,2.381,20,AL,SP,20,2.381
1961,2.364,35,GO,PE,35,2.364
2045,2.361,50,PR,MT,50,2.361
2046,2.361,50,PR,MT,50,2.361
2047,2.361,50,PR,MT,50,2.361
2048,2.361,50,PR,MT,50,2.361
2049,2.361,50,PR,MT,50,2.361
2050,2.361,50,PR,MT,50,2.361
1588,2.351,25,GO,RN,25,2.351
1589,2.351,25,GO,RN,25,2.351
1590,2.351,25,GO,RN,25,2.351
1591,2.351,25,GO,RN,25,2.351
1592,2.351,25,GO,RN,25,2.351
1593,2.351,25,GO,RN,25,2.351
1808,2.351,30,BA,PR,30,2.351
1809,2.337,30,MT,PR,30,2.337
1810,2.335,30,BA,PR,30,2.335
1655,2.326,27,PA,SP,27,2.326
1656,2.326,27,PA,SP,27,2.326
1657,2.326,27,PA,SP,27,2.326
2051,2.318,50,RJ,RN,50,2.318
2052,2.318,50,RJ,RN,50,2.318
2053,2.318,50,RJ,RN,50,2.318
2054,2.318,50,RJ,RN,50,2.318
2055,2.318,50,RJ,RN,50,2.318
2056,2.318,50,RJ,RN,50,2.318
2057,2.316,50,PR,MT,50,2.316
2058,2.316,50,PR,MT,50,2.316
2059,2.316,50,PR,MT,50,2.316
2060,2.316,50,PR,MT,50,2.316
2061,2.316,50,PR,MT,50,2.316
2062,2.316,50,PR,MT,50,2.316
1811,2.314,30,PA,SP,30,2.314
1812,2.314,30,PA,SP,30,2.314
2127,2.314,60,PA,SP,60,2.314
1813,2.311,30,BA,PR,30,2.311
1814,2.311,30,BA,PR,30,2.311
1815,2.303,30,MT,PR,30,2.303
1816,2.293,30,BA,PR,30,2.293
1817,2.293,30,BA,PR,30,2.293
1818,2.273,30,BA,PR,30,2.273
1348,2.271,22,PA,SP,22,2.271
1349,2.271,22,PA,SP,22,2.271
1350,2.271,22,PA,SP,22,2.271
1351,2.271,22,PA,SP,22,2.271
1819,2.263,30,PB,MG,30,2.263
1820,2.263,30,PB,MG,30,2.263
1821,2.263,30,BA,PR,30,2.263
1822,2.259,30,BA,PR,30,2.259
2063,2.236,50,PR,MT,50,2.236
2064,2.236,50,PR,MT,50,2.236
2065,2.236,50,PR,MT,50,2.236
1823,2.225,30,BA,PR,30,2.225
1824,2.218,30,BA,PR,30,2.218
2066,2.2,50,PR,MT,50,2.2
2067,2.2,50,PR,MT,50,2.2
2068,2.2,50,PR,MT,50,2.2
2069,2.2,50,PR,MT,50,2.2
2070,2.2,50,PR,MT,50,2.2
2071,2.2,50,PR,MT,50,2.2
2072,2.18,50,PR,MT,50,2.18
2073,2.18,50,PR,MT,50,2.18
2074,2.18,50,PR,MT,50,2.18
2075,2.18,50,PR,MT,50,2.18
2076,2.18,50,PR,MT,50,2.18
2077,2.18,50,PR,MT,50,2.18
1825,2.175,30,BA,PR,30,2.175
1429,2.17,24,PE,SP,24,2.17
1908,2.154,32,MG,RN,32,2.154
1352,2.126,22,SP,PE,22,2.126
1284,2.066,20,MA,SP,20,2.066
1925,2.045,33,PA,PE,33,2.045
1826,2.029,30,BA,PR,30,2.029
1827,2.027,30,BA,PR,30,2.027
2078,2.026,50,PR,MT,50,2.026
2079,2.026,50,PR,MT,50,2.026
2080,2.026,50,PR,MT,50,2.026
2081,2.026,50,PR,MT,50,2.026
2082,2.026,50,PR,MT,50,2.026
2083,2.026,50,PR,MT,50,2.026
1398,2.018,23.8,SE,SP,23.8,2.018
2084,2.003,50,SP,MT,50,2.003
2085,2.003,50,SP,MT,50,2.003
2086,2.003,50,SP,MT,50,2.003
2087,2.003,50,SP,MT,50,2.003
2088,2.003,50,SP,MT,50,2.003
2089,2.003,50,SP,MT,50,2.003
2090,2.003,50,SP,MT,50,2.003
2091,1.988,50,SC,MT,50,1.988
2092,1.988,50,SC,MT,50,1.988
2093,1.988,50,SC,MT,50,1.988
2094,1.988,50,SC,MT,50,1.988
2095,1.988,50,SC,MT,50,1.988
2096,1.988,50,SC,MT,50,1.988
2097,1.988,50,SC,MT,50,1.988
2098,1.988,50,SC,MT,50,1.988
2099,1.988,50,SC,MT,50,1.988
2100,1.985,50,SC,MT,50,1.985
2101,1.985,50,SC,MT,50,1.985
2102,1.985,50,SC,MT,50,1.985
1828,1.979,30,BA,PR,30,1.979
1909,1.936,32,MT,RJ,32,1.936
1910,1.934,32,BA,SP,32,1.934
1962,1.901,35,ES,PE,35,1.901
1285,1.898,20,BA,SP,20,1.898
1829,1.89,30,BA,PR,30,1.89
1668,1.886,28,BA,SP,28,1.886
1830,1.886,30,BA,SP,30,1.886
1831,1.886,30,BA,SP,30,1.886
1594,1.877,25,PA,RN,25,1.877
1595,1.877,25,PA,RN,25,1.877
1596,1.877,25,PA,RN,25,1.877
1597,1.877,25,PA,RN,25,1.877
1598,1.877,25,PA,RN,25,1.877
1832,1.867,30,BA,PR,30,1.867
1833,1.818,30,BA,PR,30,1.818
1911,1.818,32,BA,SP,32,1.818
1286,1.801,20,BA,SP,20,1.801
1287,1.801,20,BA,SP,20,1.801
1834,1.797,30,BA,PR,30,1.797
1835,1.78,30,BA,PR,30,1.78
1836,1.769,30,BA,PR,30,1.769
1837,1.736,30,BA,PR,30,1.736
2103,1.727,50,PR,MT,50,1.727
2104,1.727,50,PR,MT,50,1.727
2105,1.727,50,PR,MT,50,1.727
2106,1.727,50,PR,MT,50,1.727
2107,1.727,50,PR,MT,50,1.727
2108,1.727,50,PR,MT,50,1.727
2109,1.711,50,PR,MT,50,1.711
2110,1.711,50,PR,MT,50,1.711
2111,1.711,50,PR,MT,50,1.711
2112,1.711,50,PR,MT,50,1.711
2113,1.711,50,PR,MT,50,1.711
2114,1.711,50,PR,MT,50,1.711
1838,1.71,30,BA,PR,30,1.71
1288,1.683,20,AC,MT,20,1.683
1839,1.653,30,BA,PR,30,1.653
1289,1.64,20,BA,MG,20,1.64
1840,1.64,30,BA,PR,30,1.64
1912,1.621,32,BA,SP,32,1.621
1841,1.61,30,BA,PR,30,1.61
1963,1.6,35,MT,SP,35,1.6
1842,1.595,30,MG,PR,30,1.595
1290,1.578,20,MT,SP,20,1.578
2195,1.541,100,MA,RN,100,1.541
1843,1.536,30,MG,MT,30,1.536
1291,1.524,20,MT,SP,20,1.524
1430,1.503,24,PA,CE,24,1.503
2115,1.481,50,PR,MT,50,1.481
2116,1.481,50,PR,MT,50,1.481
2117,1.481,50,PR,MT,50,1.481
2118,1.481,50,PR,MT,50,1.481
2119,1.481,50,PR,MT,50,1.481
2120,1.481,50,PR,MT,50,1.481
1844,1.429,30,ES,PR,30,1.429
1292,1.416,20,MT,SP,20,1.416
1293,1.401,20,BA,SP,20,1.401
1845,1.361,30,GO,PR,30,1.361
1846,1.359,30,GO,PR,30,1.359
1847,1.355,30,ES,PR,30,1.355
1848,1.33,30,DF,PR,30,1.33
1294,1.324,20,MT,SP,20,1.324
1599,1.304,25,MG,GO,25,1.304
1849,1.304,30,ES,PR,30,1.304
1295,1.29,20,GO,SC,20,1.29
1389,1.282,23,MS,RJ,23,1.282
1850,1.254,30,ES,PR,30,1.254
1390,1.251,23,BA,MG,23,1.251
1913,1.245,32,RS,SP,32,1.245
1677,1.239,29.9,GO,SP,29.9,1.239
1851,1.232,30,ES,PR,30,1.232
1926,1.222,33,MG,PR,33,1.222
1296,1.217,20,RJ,PR,20,1.217
1852,1.198,30,ES,SP,30,1.198
1853,1.198,30,ES,SP,30,1.198
1854,1.198,30,ES,SP,30,1.198
1353,1.173,22,SP,MG,22,1.173
1297,1.169,20,PI,PE,20,1.169
1298,1.168,20,RS,SP,20,1.168
1299,1.168,20,RS,SP,20,1.168
1300,1.168,20,RS,SP,20,1.168
1669,1.168,28,RS,SP,28,1.168
1932,1.165,33.5,RS,SP,33.5,1.165
1933,1.165,33.5,RS,SP,33.5,1.165
1934,1.165,33.5,RS,SP,33.5,1.165
1935,1.165,33.5,RS,SP,33.5,1.165
1301,1.141,20,MT,SP,20,1.141
1302,1.13,20,ES,BA,20,1.13
1303,1.117,20,RS,SP,20,1.117
1304,1.117,20,RS,SP,20,1.117
1855,1.104,30,MG,PR,30,1.104
1624,1.101,26,RS,SP,26,1.101
1625,1.101,26,RS,SP,26,1.101
1856,1.1,30,MG,PR,30,1.1
1914,1.098,32,RS,SP,32,1.098
1857,1.096,30,MG,PR,30,1.096
1858,1.095,30,MG,PR,30,1.095
1936,1.095,33.5,RS,SP,33.5,1.095
1937,1.095,33.5,RS,SP,33.5,1.095
1938,1.095,33.5,RS,SP,33.5,1.095
1939,1.095,33.5,RS,SP,33.5,1.095
1600,1.093,25,RS,SP,25,1.093
1601,1.093,25,RS,SP,25,1.093
1602,1.093,25,RJ,GO,25,1.093
1431,1.089,24,SC,MS,24,1.089
1603,1.072,25,DF,RJ,25,1.072
1927,1.069,33,RS,SP,33,1.069
2121,1.069,50,MG,MT,50,1.069
2122,1.069,50,MG,MT,50,1.069
2123,1.069,50,MG,MT,50,1.069
1859,1.068,30,RJ,PR,30,1.068
1316,1.065,21,GO,PR,21,1.065
1317,1.065,21,GO,PR,21,1.065
1318,1.065,21,GO,PR,21,1.065
1319,1.065,21,GO,PR,21,1.065
1320,1.065,21,GO,PR,21,1.065
1321,1.065,21,GO,PR,21,1.065
1322,1.065,21,GO,PR,21,1.065
1323,1.065,21,GO,PR,21,1.065
1928,1.062,33,ES,MG,33,1.062
1929,1.062,33,ES,MG,33,1.062
1930,1.062,33,ES,MG,33,1.062
1860,1.06,30,RJ,PR,30,1.06
1861,1.06,30,MG,PR,30,1.06
1862,1.059,30,RJ,PR,30,1.059
1604,1.043,25,MG,PR,25,1.043
1605,1.043,25,MG,PR,25,1.043
1863,1.037,30,RJ,PR,30,1.037
1864,1.034,30,MG,PR,30,1.034
1305,1.027,20,MG,SC,20,1.027
356,1.026,1.7,ES,MG,1.7,1.026
357,1.026,1.7,ES,MG,1.7,1.026
358,1.026,1.7,ES,MG,1.7,1.026
359,1.026,1.7,ES,MG,1.7,1.026
1865,1.012,30,RJ,PR,30,1.012
1306,1.011,20,MS,SP,20,1.011
1307,1.002,20,ES,SP,20,1.002
1432,1.002,24,MS,SC,24,1.002
